scenario,total_return,annual_return,annual_volatility,sharpe_ratio,max_drawdown
1,0.43821844355895756,0.43821844355895756,20.583633776243147,0.12352913921870559,-21.795191248248553
2,-8.69077274746186,-8.69077274746186,21.301726197173604,-0.320416298193352,-23.532484704672846
3,20.96770126884744,20.96770126884744,21.531269242057384,0.9915307844614649,-11.461690684895762
4,57.42763823339547,57.42763823339547,21.523223882737195,2.217402721721546,-8.761553984375738
5,23.029496553471994,23.029496553471994,19.230318007393766,1.1741411017516037,-11.167574319031123
6,19.576944672614303,19.576944672614303,20.365452162525322,0.9799315208333934,-15.22680688335441
7,-7.746947492487943,-7.746947492487943,21.375002773040332,-0.2707645035960086,-20.708016448394805
8,42.89032490151499,42.89032490151499,21.053250792210427,1.8011992982766931,-15.17446917068154
9,-9.145870404975076,-9.145870404975076,21.406839805570705,-0.3412750782134027,-28.41419330383098
10,20.16260330014945,20.16260330014945,19.895065715540184,1.0225828221441904,-12.814590061978958
11,-6.68769057407842,-6.68769057407842,20.427095573015684,-0.23714429676682247,-16.644236870648278
12,10.200238323021061,10.200238323021061,21.387098046599505,0.5606711562418184,-22.291650536438393
13,-26.28886375140186,-26.28886375140186,21.02125211328196,-1.3452688111779814,-32.74220837735069
14,31.886551281031792,31.886551281031792,20.290163616995592,1.4657553454691072,-9.41948844523255
15,4.283786495738662,4.283786495738662,19.906168941789424,0.30990797902057415,-16.26233435108406
16,-0.9681146252386585,-0.9681146252386585,20.109217801312486,0.05178869812583887,-21.235263664175942
17,-4.515413298728532,-4.515413298728532,20.745856156746743,-0.11944371292824707,-23.245066478417858
18,46.05044266705083,46.05044266705083,20.63002261232575,1.9400212186314343,-7.665260629226308
19,-1.6760512121637205,-1.6760512121637205,22.38037873812782,0.03614657490579832,-18.026633152876087
20,18.24940743735808,18.24940743735808,20.078028105887153,0.935203406371265,-17.011081390748885
21,-13.699381855666704,-13.699381855666704,21.129568064560214,-0.5918605494089804,-30.588559866026078
22,-20.01976757962033,-20.01976757962033,20.240171797511845,-1.0023845319135622,-24.338645004077588
23,5.424574202852073,5.424574202852073,20.707748891268306,0.3583168627078734,-19.846273261558462
24,-0.9632749317371014,-0.9632749317371014,20.845433000683826,0.05763153087870576,-22.09163546951944
25,11.883668879530518,11.883668879530518,21.03670340254439,0.6387850922604312,-9.43368981530196
26,0.30763704795342406,0.30763704795342406,22.466502429210813,0.12562338820259994,-17.82740379182385
27,34.61506684534863,34.61506684534863,22.080612030653402,1.4566615999019406,-9.85990489443229
28,-30.095910794846937,-30.095910794846937,20.90596402033738,-1.6072917003962583,-35.76613334237446
29,-18.96378463194308,-18.96378463194308,20.39545965393947,-0.9286941095941965,-23.270359343830666
30,9.102702813797968,9.102702813797968,21.660131778474227,0.5102815164985495,-19.681528130122693
31,39.485252303475704,39.485252303475704,20.56059323074709,1.7218615431683753,-8.561824375224301
32,-12.237822501937446,-12.237822501937446,20.18908795553133,-0.5458252814477691,-22.725397009123682
33,4.118521735323877,4.118521735323877,19.29363251072446,0.3053237564051231,-18.39252322525295
34,4.3760738058820525,4.3760738058820525,21.424474081301774,0.30684528831187097,-18.289644198986114
35,8.52910474407369,8.52910474407369,22.310275912015136,0.4778096626317577,-17.75150114935283
36,16.925001173123142,16.925001173123142,20.47013613615583,0.8659343107086657,-12.231144805836806
37,-19.465990847706372,-19.465990847706372,21.78499510523637,-0.8848697785666397,-23.64104790578147
38,-4.108133064008667,-4.108133064008667,21.42499730617225,-0.08916539201386199,-18.41011042924815
39,20.425696489688463,20.425696489688463,20.980786166270395,0.9904857847789247,-15.344733432360345
40,-5.801704545165364,-5.801704545165364,20.27615396669829,-0.19385621986940185,-13.91273607679081
41,-7.280683391047226,-7.280683391047226,21.290567691136957,-0.24877370263860799,-19.44233537888428
42,3.8132653295473773,3.8132653295473773,20.43269252532199,0.284756654546832,-15.654184470107577
43,-4.8802657446977875,-4.8802657446977875,20.25375482128854,-0.1461668348116473,-21.245824209800364
44,2.2271696061574975,2.2271696061574975,20.441892503210884,0.20967209414753182,-13.76899445850023
45,1.536352252888129,1.536352252888129,21.530099096880427,0.17803808468962096,-23.798831591623646
46,32.77090344042748,32.77090344042748,22.811221053064042,1.3567681587908005,-11.77890829808574
47,-21.65885297702852,-21.65885297702852,21.51185057831179,-1.02690334698776,-38.344021103519026
48,11.26638680173242,11.26638680173242,20.683825285902323,0.6191703803731432,-16.888846762120483
49,-14.362307013975572,-14.362307013975572,21.875136168296656,-0.599367953234139,-23.567356747637017
50,29.294197869081607,29.294197869081607,21.433321305384347,1.3059823111883255,-14.607306821591765
51,-20.08872424290946,-20.08872424290946,19.679720075117828,-1.040873544361443,-26.976483734547347
52,-6.309166057894466,-6.309166057894466,20.432361115008256,-0.21699929498281068,-16.24269872120029
53,33.18575753000707,33.18575753000707,20.841707078669696,1.479721095728746,-10.060506457152266
54,15.879091797579804,15.879091797579804,19.98957457616392,0.8371636733635308,-14.311661907233422
55,20.00695326888964,20.00695326888964,20.584272785909725,0.9888295242904558,-18.228375851412792
56,-8.020101461707219,-8.020101461707219,19.743918199190137,-0.3249144864850208,-19.982851088136524
57,-24.378365543156512,-24.378365543156512,19.482422620574507,-1.3362717429841378,-26.802127005731318
58,-0.21424980639312974,-0.21424980639312974,20.570775986218557,0.09216165080452222,-19.726628093517103
59,-18.369136042942714,-18.369136042942714,22.32292979063414,-0.7975930817269784,-31.115332152415558
60,-0.24464285702412436,-0.24464285702412436,21.965629458260135,0.09820041270616055,-23.83277201899557
61,0.7758625632323435,0.7758625632323435,21.63655495048595,0.14334568556998048,-25.653307165621314
62,1.7891416848246688,1.7891416848246688,19.620114835885033,0.18788352290014812,-14.18664068075491
63,25.415096943230566,25.415096943230566,22.081293381389973,1.1359176237659627,-15.61309093036409
64,-2.4625166462710513,-2.4625166462710513,22.558065524562828,0.0020077544902559457,-19.14712787253085
65,1.2863466745097751,1.2863466745097751,22.616686049996133,0.1692238446438235,-18.445839293344374
66,53.006884195408645,53.006884195408645,21.60171747138544,2.0778860884952164,-13.041935678156444
67,15.786021688013019,15.786021688013019,20.80337803632951,0.8082603016829744,-9.41540050872196
68,-3.3988332405599175,-3.3988332405599175,20.264994632976098,-0.06985888374369136,-12.786207469642596
69,-11.207791531022426,-11.207791531022426,20.920646628999368,-0.4639795257862271,-25.04397861169627
70,7.123402955072566,7.123402955072566,20.47618253413514,0.43794662654411326,-18.1864842380445
71,-18.567145579208056,-18.567145579208056,20.23258053035096,-0.9137706373328313,-30.584617317905643
72,3.1728759614066293,3.1728759614066293,22.169202861917466,0.2514438140938292,-18.091472987046064
73,-1.266730722270737,-1.266730722270737,20.768791160488547,0.04209763741374339,-14.565745898269853
74,58.25140164295617,58.25140164295617,21.40404045965559,2.2526043477642563,-16.55108905461774
75,17.91173988336878,17.91173988336878,21.83448829578301,0.8633329189058669,-16.094288675327686
76,-4.553991716182127,-4.553991716182127,20.34747202155929,-0.1274709768608177,-25.695161164838787
77,38.51806917735796,38.51806917735796,21.71031321225531,1.6096626447730402,-13.942853267161476
78,37.063895504300916,37.063895504300916,20.107218837711034,1.668942668500679,-11.174061011001541
79,3.747805782576963,3.747805782576963,20.468157432175342,0.2817054419670499,-18.968965817255793
80,-11.449028787852667,-11.449028787852667,19.730628703368215,-0.5176777005899659,-29.992992206317197
81,-14.681805902662004,-14.681805902662004,20.29453870667746,-0.6809454318598399,-21.59575697915252
82,-3.849643228707078,-3.849643228707078,20.3645208955118,-0.09123490726784822,-18.500993874033494
83,77.5295982961475,77.5295982961475,20.989527875073826,2.842015593237785,-15.01175816873995
84,-6.61983436559238,-6.61983436559238,21.757441777246527,-0.2063100688989946,-19.722384310751114
85,-19.433521765044905,-19.433521765044905,21.036034696228423,-0.9219798299390103,-32.239350366218446
86,0.323844067330481,0.323844067330481,21.06866446452922,0.12023654899419622,-26.157088503052545
87,16.13732145509299,16.13732145509299,19.806829153479562,0.8540587399773703,-13.865671803353235
88,-17.668395254689507,-17.668395254689507,21.666180762687155,-0.7890616184373818,-17.546130457158014
89,-22.811014774364025,-22.811014774364025,19.555066720009968,-1.2259226419113858,-38.974799865211125
90,-12.604233180075086,-12.604233180075086,18.55231242987446,-0.6335916011348902,-25.776939397369077
91,7.611314087960852,7.611314087960852,19.659694677357166,0.47114060762829924,-12.36347851350598
92,-24.17802463415317,-24.17802463415317,20.70172654941787,-1.2330355923941807,-32.950341415104575
93,2.174459341103141,2.174459341103141,21.491442395163972,0.20705792166984663,-23.8708717311239
94,1.5376992528955746,1.5376992528955746,21.518842336890557,0.17815691397300695,-20.941890569026388
95,4.713667216838147,4.713667216838147,19.292525853765717,0.3348656382566914,-22.372580138583867
96,37.370667647303854,37.370667647303854,19.869637826618,1.6977613147985338,-9.620551569836657
97,11.221374371868563,11.221374371868563,20.010374081293712,0.6310283567802805,-9.549371415235429
98,4.006179383066,4.006179383066,20.06350710797848,0.2957125276651642,-20.76947087618488
99,3.903809648756873,3.903809648756873,20.321488251574433,0.2898132336916684,-16.09443210873057
100,-7.914385755659847,-7.914385755659847,21.405918054996693,-0.2783649569527108,-33.57349779507081
101,21.281011915022297,21.281011915022297,20.2398615665371,1.0543991561428283,-12.727962620497227
102,-3.2123502380045466,-3.2123502380045466,22.041038989891852,-0.038171588014247256,-19.742763303616936
103,-0.010607473594348438,-0.010607473594348438,21.855531401954117,0.10834341837816157,-27.85236121511534
104,19.734052460107755,19.734052460107755,22.58686124058639,0.9100467352858783,-17.033953859946543
105,16.17527599081241,16.17527599081241,20.05290247892713,0.8476653186854828,-14.80251884766358
106,-1.6891975373215184,-1.6891975373215184,21.443413827628902,0.02721819240958104,-19.550071200152747
107,20.27738808220716,20.27738808220716,23.044969594436726,0.9161666119420778,-15.915627990010343
108,6.034446086207335,6.034446086207335,20.644723324901847,0.38665683320131683,-26.148481650582013
109,-5.067346793834759,-5.067346793834759,20.88261826404791,-0.14502608959120372,-17.75797196951543
110,-11.389469379305673,-11.389469379305673,22.263328105408537,-0.4319721858637567,-24.989306127156617
111,6.050310757037125,6.050310757037125,19.896498507994913,0.39452228286324736,-20.3972132026599
112,-3.7744999767816645,-3.7744999767816645,19.139491694121073,-0.10563566832821825,-18.181525492640827
113,55.172006214055244,55.172006214055244,21.590940786275933,2.144106229084922,-9.207477905260555
114,31.60308505106697,31.60308505106697,19.83823393573867,1.4837167279402164,-23.663280048555357
115,-4.833692083701191,-4.833692083701191,20.66554028674773,-0.13672378621073897,-24.138657946817872
116,-9.761356891077844,-9.761356891077844,20.69902333245686,-0.39263926213872896,-14.228978918251578
117,19.68919751700282,19.68919751700282,19.854267975886774,1.0044399526801748,-10.849394742940586
118,-7.070124661234656,-7.070124661234656,21.85013737369455,-0.22694031269202034,-21.55673972802131
119,53.94455093124948,53.94455093124948,22.316137725833205,2.0459856815833755,-11.921374476856709
120,8.889404749895103,8.889404749895103,20.801889548265137,0.5130527092977036,-21.492582230148752
121,35.056126805148665,35.056126805148665,20.535967644181056,1.5663170163337579,-12.307640017222598
122,22.92913095574949,22.92913095574949,20.44268398394933,1.1120207235683073,-20.34099000878433
123,13.475009029364093,13.475009029364093,21.32993864464754,0.6989784561826384,-12.177295860703353
124,17.476349335942977,17.476349335942977,20.424569374577146,0.8905674145926901,-21.74800229522742
125,-36.22268792795048,-36.22268792795048,23.010992966938336,-1.8380287424821178,-36.915452713694414
126,4.020336168482053,4.020336168482053,21.728281921404314,0.28967375772187715,-13.648329496595718
127,43.532648641110306,43.532648641110306,20.47413215792169,1.8683374116532523,-12.113873428001307
128,40.0790744620644,40.0790744620644,20.201954308928425,1.7698281873735424,-12.210267955706673
129,-14.679312771701325,-14.679312771701325,20.889455543218087,-0.6555850970409497,-31.46541996205569
130,77.2187920811703,77.2187920811703,20.898143964147238,2.8452522923071117,-10.440378579092048
131,9.333758568828564,9.333758568828564,21.12319312732502,0.5276362511741752,-15.940436369779059
132,11.593137742036252,11.593137742036252,20.987520702356278,0.6274151056691408,-19.985868512024158
133,-3.780834274062228,-3.780834274062228,20.566440007214553,-0.08500322526182975,-17.931763934933738
134,4.07018030947639,4.07018030947639,20.12360027022596,0.2984786508074311,-12.571251556789253
135,8.503675673654133,8.503675673654133,21.061413321188077,0.4925729312061473,-25.016780905375054
136,-9.722128516074457,-9.722128516074457,20.97185253979846,-0.38314199128755844,-21.44560932344563
137,60.74299666669991,60.74299666669991,21.6281340993138,2.3040121313880926,-19.681393420906666
138,-29.599569157753947,-29.599569157753947,20.21483733077471,-1.6342948403232767,-40.19487554971611
139,19.87536650602464,19.87536650602464,19.36522004670775,1.0327464234247257,-10.36970746472228
140,-11.064559961349518,-11.064559961349518,21.064041973935073,-0.451687091362306,-26.075999651393815
141,-9.536037199745728,-9.536037199745728,21.322154114931312,-0.3635612745905893,-21.650799448269606
142,-20.53293782124258,-20.53293782124258,20.904140041700074,-0.9947142761281333,-34.502719794938216
143,-4.148591739290275,-4.148591739290275,21.155660881102285,-0.09489945510922707,-19.93728116814703
144,-36.338072956754985,-36.338072956754985,19.97213199403723,-2.1595062474433324,-37.147493402116986
145,21.016429701458073,21.016429701458073,21.426827774433846,0.9976652796900268,-20.6705467564965
146,-28.884601521795695,-28.884601521795695,20.495647159737274,-1.5600646828973088,-33.75086072833911
147,20.481084842973907,20.481084842973907,22.787390304830097,0.931576985216267,-20.405257942130593
148,-30.830711619514982,-30.830711619514982,20.94039691907303,-1.6544828090476176,-38.19652738424951
149,-12.119544013716732,-12.119544013716732,23.508716377718468,-0.43214652989231744,-30.433846025032484
150,-1.413709606648439,-1.413709606648439,21.318450559542367,0.039138959407283645,-24.875380490164904
151,4.772629677983398,4.772629677983398,19.76580971218803,0.3344553469555452,-19.12756908511249
152,33.11189356561797,33.11189356561797,20.41673054381038,1.5036830211281433,-21.833020867477593
153,14.320084471885398,14.320084471885398,21.786675844712118,0.723194244141212,-14.385122813637743
154,5.195836708771795,5.195836708771795,20.110369285356875,0.3519176525522389,-10.901601352335785
155,25.79591975968407,25.79591975968407,21.604112921835696,1.1703335906708858,-19.338261130758642
156,21.594605716962036,21.594605716962036,19.802608017623268,1.0861987167130802,-10.461689028054758
157,12.033945731982932,12.033945731982932,20.91151580523813,0.6475427822838044,-19.39714239792613
158,-7.1640846226106785,-7.1640846226106785,21.13842442773313,-0.246402166021017,-20.596287495162517
159,-5.036097084381619,-5.036097084381619,21.528600103760212,-0.1328035451937087,-16.018294784331296
160,-2.8324576723919193,-2.8324576723919193,22.07349367518057,-0.020558780843203808,-22.32309356619352
161,-15.320316971795478,-15.320316971795478,19.131490166703298,-0.7736712199388274,-29.794277959544374
162,12.798589033599384,12.798589033599384,19.939435495915877,0.7033793900001196,-15.041312948137989
163,64.99797635002216,64.99797635002216,20.278980144811015,2.572592865229902,-6.952105892970946
164,8.918299088787762,8.918299088787762,20.91848312706821,0.5126476176956205,-13.887138164703206
165,21.07894289295167,21.07894289295167,20.83136028906571,1.022447148922236,-20.290223882638003
166,46.66311123014684,46.66311123014684,21.665002538338715,1.876519216480711,-11.864452077076868
167,-3.89486662580093,-3.89486662580093,21.780290926630794,-0.07393891741435867,-20.586785153381484
168,22.320419296442594,22.320419296442594,21.05723687052542,1.0619902701196902,-18.732280422747245
169,-0.6443597601834994,-0.6443597601834994,21.879138907867997,0.0791398436658838,-22.606347559008693
170,16.0779554696012,16.0779554696012,19.06462028034756,0.8772090487637493,-14.95968196138458
171,4.212639919493011,4.212639919493011,21.083780157654672,0.3007957478543378,-19.036263796725578
172,-0.3299166510168927,-0.3299166510168927,21.844464297951916,0.09344489225552602,-13.86115812948519
173,29.82336185189216,29.82336185189216,22.358211139247018,1.2793641971790808,-13.939162291107843
174,46.666941878485524,46.666941878485524,19.713942227073268,2.042293558951783,-19.796189965332346
175,13.778268702960773,13.778268702960773,20.720357903023118,0.7261053091649459,-17.482796741601458
176,55.116545638186444,55.116545638186444,19.964374519085144,2.300127540577235,-9.432226528291217
177,38.73875810690637,38.73875810690637,22.47956537567194,1.5692671496307908,-25.20168934627245
178,21.373943147694252,21.373943147694252,21.287299269976504,1.016393939004807,-19.568423385313807
179,10.33239165916826,10.33239165916826,20.76608171787288,0.5769631203715536,-17.475580655147116
180,23.572343751424985,23.572343751424985,20.307409328525583,1.1440289897391749,-23.285684423148634
181,39.09179330947603,39.09179330947603,20.283829807116856,1.7285944372643112,-9.624627233753595
182,10.03331224961066,10.03331224961066,22.27678547344368,0.5403585167807772,-20.89540874951009
183,11.679055439725738,11.679055439725738,18.988844388207585,0.676434156425483,-11.624746244816464
184,43.86530543892984,43.86530543892984,20.679842623708616,1.86288915034326,-18.28054141298828
185,-23.532724361692857,-23.532724361692857,20.83517387074228,-1.1833252212787084,-34.01574496518334
186,-11.026265733562447,-11.026265733562447,20.9734900304067,-0.45249252331819523,-25.058663284671784
187,15.894716064035986,15.894716064035986,21.61885134299019,0.7899417557472977,-11.179655650740127
188,-24.96782214621065,-24.96782214621065,21.38901846605945,-1.2356478292386863,-27.44733983734735
189,-19.47411843050918,-19.47411843050918,21.546425732128462,-0.8973025145838961,-25.51215013173892
190,23.83266577060368,23.83266577060368,22.962746639350655,1.0460041546840593,-20.492086839257382
191,-8.440008717870962,-8.440008717870962,20.784221322531884,-0.32061346062285906,-20.623666099458777
192,-19.753774764155075,-19.753774764155075,20.019665131574367,-0.9990119429514351,-26.993659759872234
193,14.057388908997304,14.057388908997304,20.498918563171454,0.7438593111579105,-13.445405078300936
194,4.643716142646581,4.643716142646581,20.219793212647776,0.3252270829626422,-17.204139105885677
195,56.18090224961705,56.18090224961705,22.878908209952225,2.0643044920213405,-10.594876043097257
196,2.0238119478733996,2.0238119478733996,19.727156734523422,0.20000395591951847,-17.823005031120516
197,9.123031252753911,9.123031252753911,21.440619697562703,0.5142776679390907,-23.46846184662979
198,-23.963135236815504,-23.963135236815504,20.323101951901084,-1.2460390164952952,-41.75484361062177
199,16.623515457847283,16.623515457847283,21.596227091476763,0.819720393811082,-14.673120408038203
200,30.938150216278903,30.938150216278903,20.10914474914223,1.4410904899034582,-11.683272437649524
201,7.607420602293136,7.607420602293136,21.045668047017212,0.45336794318687984,-13.914383252544592
202,22.950608628892113,22.950608628892113,22.53541849130498,1.029391674669971,-13.500620989767235
203,3.3555147625180526,3.3555147625180526,19.89805692576425,0.2648676793253446,-21.32895374935878
204,-1.95644138840253,-1.95644138840253,19.905762672625173,3.4021620938832895e-05,-23.495482071307695
205,81.7574180196025,81.7574180196025,20.484907759315625,3.0219535817328977,-12.483719166980274
206,-0.6832522022478971,-0.6832522022478971,21.745089227017203,0.07690161035387018,-17.198069565429947
207,11.4713256791382,11.4713256791382,19.024374713506113,0.6655887767557352,-16.406816364175665
208,21.73388182621774,21.73388182621774,20.405282163399878,1.065781080735448,-17.012976557504864
209,-12.273050747305081,-12.273050747305081,20.625506254878125,-0.5318633538693945,-28.965017683703902
210,-17.377070997316213,-17.377070997316213,21.820113045215656,-0.7659477754273427,-28.428183618669216
211,-10.824449255174706,-10.824449255174706,20.46700573028741,-0.45791023962422667,-32.440236712452275
212,29.99556809834203,29.99556809834203,19.41414031033063,1.448479520061791,-13.305479729827086
213,20.42772334289722,20.42772334289722,20.128044566681147,1.0241118582111626,-14.760807366024206
214,24.98561643742887,24.98561643742887,20.58463466933349,1.1866195996347113,-11.652030716233003
215,10.769655347559603,10.769655347559603,22.724965385528833,0.5631566062108232,-22.484731927239523
216,70.5049545432512,70.5049545432512,19.889157030597733,2.7844790154147687,-11.151015374972426
217,15.63086954065449,15.63086954065449,20.880756411322796,0.7995755905521821,-14.249675946977971
218,12.473659858938756,12.473659858938756,19.721993637905413,0.6943223546989726,-15.620087514371564
219,-13.558231075604576,-13.558231075604576,20.391836821325246,-0.6125956200575023,-21.75908518552762
220,14.119545604274887,14.119545604274887,20.604429292825934,0.7437455889095334,-12.78871249122876
221,23.47629631022945,23.47629631022945,21.12299208060772,1.103962884987494,-25.327177074605885
222,7.096299955131902,7.096299955131902,20.47959617754444,0.43684117040064946,-16.849132924662015
223,41.893103268664554,41.893103268664554,22.584954300755257,1.6628357183419264,-15.499666980153057
224,14.49142682347726,14.49142682347726,22.133060656753415,0.7218497373798016,-11.978954600419819
225,17.92338461443588,17.92338461443588,21.6815527582102,0.8684255997222187,-11.410780006803375
226,17.71760210590685,17.71760210590685,20.307388580471063,0.9045979661400056,-17.950941408184747
227,-38.30405581936122,-38.30405581936122,21.25882168199405,-2.163388630158292,-42.14904063690178
228,-0.008296959183551333,-0.008296959183551333,20.21023695482188,0.10020135387806976,-15.948260876111853
229,17.58801413349471,17.58801413349471,20.884771082181672,0.8801890590112945,-16.03229320720144
230,10.945023998589187,10.945023998589187,22.87441664329377,0.5680352162112144,-26.20696593199815
231,8.2709591496815,8.2709591496815,20.99365696893814,0.48339738898117124,-13.932297241601777
232,-14.950667169017839,-14.950667169017839,20.422821850026107,-0.6909157686735226,-36.012203735069086
233,8.828167984174184,8.828167984174184,21.121999370771377,0.5058596143655802,-14.709609356939641
234,16.496705371849153,16.496705371849153,19.839292940271044,0.8687997711444202,-16.15129600945932
235,0.6108862664285786,0.6108862664285786,20.044572602799164,0.12997036924591537,-24.100730800391425
236,47.49220737026114,47.49220737026114,21.488926922361713,1.9170084035988242,-10.644218390412732
237,26.067915850875156,26.067915850875156,20.787131344636677,1.2184190412127471,-20.27478774361119
238,-21.255151184663635,-21.255151184663635,21.805688394023246,-0.9864336205456383,-32.56018333329037
239,-3.7981585030465115,-3.7981585030465115,19.254278949676827,-0.10519342124560198,-19.228961783427643
240,-18.227745518216064,-18.227745518216064,22.36893140605358,-0.7876040813779865,-23.54125299923946
241,-0.0877487508455399,-0.0877487508455399,20.78784216873416,0.09913975387062851,-18.895293659437858
242,33.98252147626557,33.98252147626557,21.471803213232576,1.4701993733755836,-13.190203082151147
243,8.52130907462798,8.52130907462798,21.292579850353093,0.49040782310589187,-14.207337660105276
244,14.924784771858945,14.924784771858945,20.488714132733225,0.781068273563038,-29.63053331058812
245,38.450032455406834,38.450032455406834,22.296494198537246,1.5710561614415854,-13.881858815110744
246,32.939936196260966,32.939936196260966,18.712570312561667,1.6155085624762324,-16.141693490117888
247,13.121341189785385,13.121341189785385,19.55459085245842,0.727955138426791,-10.312384858590148
248,46.30239899070685,46.30239899070685,21.12733226826847,1.9074370519444495,-8.231438894861906
249,6.862682560474687,6.862682560474687,19.528503442652397,0.437227466518391,-20.63304494607191
250,8.808206862725054,8.808206862725054,21.56581977605356,0.49899691998932166,-12.521971820030911
251,25.806503289649065,25.806503289649065,20.294404450543897,1.2328331089361502,-12.23962273493284
252,-19.162915118591183,-19.162915118591183,20.562434983821394,-0.9315972923928052,-28.405548015959507
253,-14.465037226582488,-14.465037226582488,20.433528511142296,-0.6628768371123255,-19.20067755518607
254,7.963052715579599,7.963052715579599,23.15913100188709,0.4461941577401529,-23.88386134005792
255,-11.300477890804162,-11.300477890804162,22.085832619664483,-0.4329010189805904,-27.332867239154186
256,65.45451004273215,65.45451004273215,21.21235855769022,2.4812797138851,-9.14501508646585
257,-8.116250558737391,-8.116250558737391,20.10615348645328,-0.3208180354859226,-23.960753321268612
258,-24.126654535463466,-24.126654535463466,21.145883357031366,-1.1995978187573635,-33.70652151815494
259,-2.19947394396921,-2.19947394396921,20.501339116375952,-0.006507092804035949,-20.54129219743668
260,10.415795310579078,10.415795310579078,20.62085563196331,0.5829411023663934,-19.048392032044198
261,-3.9406137353654613,-3.9406137353654613,20.40230299333212,-0.0954226028262618,-20.332863410551937
262,6.18235024102145,6.18235024102145,20.812462908387992,0.39184279312405945,-13.655702559632166
263,-6.406855252623666,-6.406855252623666,19.497470407580717,-0.2423241589742364,-19.503505691166072
264,-16.20690690544717,-16.20690690544717,21.354608131907394,-0.7214345655130316,-20.509741023054264
265,17.076352039980414,17.076352039980414,20.7749317701542,0.862670868996967,-21.041357022695326
266,-2.1843159567592196,-2.1843159567592196,20.16832155765975,-0.009118946883375117,-22.43239450493012
267,14.278788953939682,14.278788953939682,20.893616787772174,0.7430001823542306,-23.401985321031574
268,24.443780061809072,24.443780061809072,21.61793412139995,1.1198210801309831,-10.131422958166118
269,31.853856315617346,31.853856315617346,22.079623094348584,1.3629905333985965,-13.056296545403775
270,-26.292653988989656,-26.292653988989656,20.787311908396493,-1.3629241500446159,-32.040611272655774
271,-11.719190742631834,-11.719190742631834,21.110193087054203,-0.4850814022195185,-25.70358516446688
272,-8.905954213135459,-8.905954213135459,21.79470044202329,-0.3194173308066449,-17.998759174840757
273,3.62890401209488,3.62890401209488,21.65206569132546,0.27249577008915826,-17.43976728271031
274,3.281814052112564,3.281814052112564,21.76995970814746,0.2568146594544013,-16.82483735691487
275,14.942884855486938,14.942884855486938,22.49226165978262,0.7314095237207654,-13.422908609143727
276,29.38801937137525,29.38801937137525,20.358558869444348,1.367382948109223,-12.800624935935792
277,12.09726049560258,12.09726049560258,20.376994994780866,0.661914147008402,-25.340858459998667
278,36.71387327942466,36.71387327942466,19.97579759129845,1.6657478587195056,-15.274929690909408
279,-20.618520740494727,-20.618520740494727,19.868250771973607,-1.0626246875220466,-24.811907764821065
280,75.02310575496003,75.02310575496003,20.40007792144743,2.8479868573363825,-9.216124734461996
281,-13.082683557944708,-13.082683557944708,20.798142321408733,-0.5703798541203602,-27.638176106952493
282,1.1299532485360864,1.1299532485360864,18.998402532290402,0.15388601161741938,-19.040399089065172
283,11.856758916408761,11.856758916408761,18.78495965751427,0.6901854490836836,-12.263976235571121
284,10.802549642094906,10.802549642094906,18.73495330958292,0.6412031402239258,-18.308126481579283
285,-19.2853116949404,-19.2853116949404,20.53985420904197,-0.9404942410839767,-27.479055952871228
286,2.0548017623568615,2.0548017623568615,19.395762181113337,0.20150653108116934,-21.3361258794943
287,12.223047348165771,12.223047348165771,20.7467623158552,0.6591550366898233,-10.24884384360816
288,-15.378603055275587,-15.378603055275587,21.544582358338765,-0.6675183353269556,-24.067153306041135
289,15.76080738481025,15.76080738481025,23.664351520244654,0.7365816220283787,-24.230738096662975
290,33.338643960654714,33.338643960654714,20.202086765906063,1.525457119911853,-10.121075920701804
291,-7.0696223405924075,-7.0696223405924075,20.89720568817117,-0.2466844742065255,-20.87494657605817
292,-2.404013484004486,-2.404013484004486,21.476557571760065,-0.006540332177553824,-19.656135351710482
293,-22.439815704970723,-22.439815704970723,20.926792086246056,-1.1094373238520232,-33.237936253314246
294,-5.798402796658908,-5.798402796658908,21.38333355225489,-0.17278479538101676,-18.264524423187485
295,7.50592259459073,7.50592259459073,20.062793792564527,0.4606423947946851,-20.32171840400337
296,-8.596671712585858,-8.596671712585858,20.58260812829548,-0.3340264189210045,-17.275376551743875
297,33.0558774311553,33.0558774311553,21.06550874134489,1.4614500554167416,-12.533269206505768
298,-20.613754033711896,-20.613754033711896,19.812265787780643,-1.0659414224305774,-28.597311857092066
299,-6.9356303659310115,-6.9356303659310115,20.308135392643567,-0.2527513875210835,-18.13724728896606
300,-20.430198842488434,-20.430198842488434,22.278916187345455,-0.9145728805402042,-25.737477366242455
301,41.38030882296104,41.38030882296104,20.749945686662706,1.7731432079788119,-17.624358400767303
302,-0.7850171406151296,-0.7850171406151296,21.02150484577983,0.067028576477544,-20.916406970386415
303,-26.894182477149354,-26.894182477149354,22.303805219063396,-1.2925095666410984,-28.538602105597615
304,4.7154898295490355,4.7154898295490355,21.422559121405097,0.3218952840209588,-18.079467639845504
305,-2.325511392594415,-2.325511392594415,21.42931826478986,-0.0032074350535197024,-16.21059647635541
306,11.077256602802033,11.077256602802033,21.340705009175263,0.5989224878093993,-20.333733044790115
307,68.0125093175456,68.0125093175456,20.45658432508656,2.640782753277756,-8.147642472886494
308,71.31104932630221,71.31104932630221,21.22438208153493,2.6445841368845238,-12.504938221796074
309,-4.855774672941015,-4.855774672941015,20.52790525994151,-0.14037467808827497,-25.05218894715138
310,7.533109546756145,7.533109546756145,19.25834409569856,0.47313443993125126,-13.846023136168913
311,-3.798649055925951,-3.798649055925951,21.205533536254666,-0.07691281174468406,-25.0618309693682
312,0.5062791467717265,0.5062791467717265,21.294575842340496,0.1298458159792532,-13.301518992567543
313,-3.7208239966576184,-3.7208239966576184,22.435159340189788,-0.05695115930621905,-22.05956969879065
314,9.946957434258907,9.946957434258907,21.42385866771194,0.5492771668297286,-19.7237929167788
315,8.733796286192863,8.733796286192863,20.738111353644896,0.5068850549821902,-21.384308974612274
316,15.638534632033219,15.638534632033219,22.37362172428851,0.7609871995738918,-14.837025969559459
317,35.662302394443216,35.662302394443216,21.513238718015327,1.5256030255189768,-15.589380273709432
318,-7.535424965444681,-7.535424965444681,19.67902695356468,-0.3001414765601404,-15.528401006448867
319,-27.12134340060832,-27.12134340060832,21.459242532078818,-1.366566042571469,-38.81714759457068
320,-4.7098459837309985,-4.7098459837309985,20.2408853793867,-0.13764066515746898,-22.189330028186873
321,-16.42936846943264,-16.42936846943264,22.031768965813768,-0.7044501483397009,-29.29243131598621
322,-8.156360029126953,-8.156360029126953,20.78204744694178,-0.3058183783439753,-20.128702284928583
323,-7.658199850567637,-7.658199850567637,21.986919115028574,-0.25253530090924264,-28.39168265675888
324,31.341605520202663,31.341605520202663,21.023185961496605,1.4021126549607057,-15.3068184865738
325,3.7555144460822643,3.7555144460822643,19.99411187541691,0.2837293890600245,-23.45133816914611
326,16.104608802749464,16.104608802749464,21.43053415849378,0.8038733517197674,-16.377941907816858
327,-4.305215981026622,-4.305215981026622,20.88804699597187,-0.10667889636660995,-18.86282850938454
328,-12.143087289979547,-12.143087289979547,21.929543807660693,-0.4810206688183523,-26.123509155794945
329,-11.892349287828342,-11.892349287828342,21.093728341662953,-0.49504741975929734,-20.80661210056115
330,-29.324617134840036,-29.324617134840036,21.034048886114064,-1.5437187823289045,-31.360227449865963
331,16.199887451993654,16.199887451993654,20.965123499474554,0.8209022094570335,-19.785140382062266
332,7.177634687599421,7.177634687599421,21.911244047092083,0.4255194159154591,-17.369347483365893
333,-6.9432944677853214,-6.9432944677853214,21.6693099309401,-0.22420444409450055,-25.308719278561302
334,35.88568442073263,35.88568442073263,23.288568401647495,1.4336318064062077,-12.21236036869419
335,-3.3907622104378143,-3.3907622104378143,21.15147853128988,-0.057733897707689934,-24.651583432828815
336,18.23711103428989,18.23711103428989,20.58320544062239,0.9165568053072998,-16.96656854797277
337,-7.920433578067798,-7.920433578067798,21.854085683920278,-0.26856966809187627,-25.994615526737164
338,15.916235143145618,15.916235143145618,20.816264837151177,0.8130961899591878,-25.840892993160246
339,27.064663217142893,27.064663217142893,20.380728954040404,1.2772212449961313,-13.13040786324863
340,20.975023197922305,20.975023197922305,20.95670763928765,1.0133071169395995,-17.020371752800937
341,31.215006922938215,31.215006922938215,20.634849567360998,1.4201310904264848,-13.442934879346428
342,-1.9436273564981232,-1.9436273564981232,19.20089714428909,-0.006539228946423279,-18.525893051136848
343,23.65889944687789,23.65889944687789,21.790834038480895,1.0831268001889822,-20.71069178683345
344,3.3114060314558547,3.3114060314558547,21.01104836676011,0.2594909007201554,-13.084467417806037
345,4.472516602242793,4.472516602242793,23.043417911183084,0.30506653445613,-22.508306179793173
346,4.329907598903171,4.329907598903171,20.836032928016675,0.30725917512790896,-28.03283381562202
347,-8.383964129644761,-8.383964129644761,20.969386980585274,-0.3130922363991158,-24.11857103977559
348,-1.58912240714707,-1.58912240714707,20.66825963702272,0.025291365844922642,-19.08160840123438
349,-7.248271320590661,-7.248271320590661,21.409548222495484,-0.24478144089582143,-28.3748678294937
350,-3.973974854879603,-3.973974854879603,19.781730639150705,-0.10636477247990812,-27.69211303048074
351,44.46605224161022,44.46605224161022,20.293310880886807,1.9148658843593058,-10.447457067795503
352,10.57951732858331,10.57951732858331,20.32056008563188,0.5961911959590652,-19.392593331910415
353,30.927542282353638,30.927542282353638,20.157405743841935,1.4379994586661968,-8.272426699127884
354,0.06126445416052562,0.06126445416052562,21.669831761696702,0.11077488978473343,-17.732051993253837
355,25.53123959687238,25.53123959687238,20.08194657313099,1.232620615020573,-12.076714853526633
356,15.713505621583423,15.713505621583423,20.44422850072764,0.8156890444626813,-16.33279915036851
357,45.39523775869447,45.39523775869447,20.396340016729145,1.9376019778991096,-6.4204690221569285
358,27.49654776045871,27.49654776045871,19.682512959158853,1.3327778459721493,-14.285258266911086
359,14.683462352059596,14.683462352059596,20.67423319822578,0.7659558380000819,-14.963071523226981
360,31.258400988389234,31.258400988389234,20.282365571608835,1.4428427321359318,-7.914288559444469
361,-9.449942969708669,-9.449942969708669,20.948184731207427,-0.3694077641889403,-20.33789318496173
362,-15.734922916620542,-15.734922916620542,21.238598890216885,-0.7001920415645423,-28.10612142422459
363,-12.915534036803034,-12.915534036803034,19.307090794707428,-0.6198888242937377,-22.71997411793358
364,1.5633519422588726,1.5633519422588726,19.58695389058781,0.1766750406645817,-12.209863690934382
365,43.85597092422564,43.85597092422564,18.97777443947119,2.0119068321088025,-12.590415415363113
366,-6.255283160545655,-6.255283160545655,22.382253268924234,-0.1769021452100765,-18.252460110122843
367,50.71802244281414,50.71802244281414,20.708410007112015,2.0853395498641296,-18.01625058505211
368,-11.029903324622426,-11.029903324622426,19.009391064272997,-0.5198407266530992,-28.896738714819225
369,17.535868226102004,17.535868226102004,19.132621119105934,0.9402066891302068,-23.12639562158067
370,8.531439528041073,8.531439528041073,20.940415400859596,0.49523896941790324,-16.73592017619624
371,7.348264285489736,7.348264285489736,21.574340327084577,0.4359246276056837,-21.538258467140466
372,-10.78273312031831,-10.78273312031831,22.017519700753592,-0.4082959232285744,-24.871176017541497
373,2.426715015938763,2.426715015938763,22.18440321111263,0.21852416753183052,-18.79619427004172
374,23.853231011514396,23.853231011514396,22.84750349425892,1.050190549400246,-13.534844108482961
375,-5.973942900651707,-5.973942900651707,20.25039331925412,-0.2033815234550622,-21.56423363379238
376,1.536862967573871,1.536862967573871,21.04555274736069,0.1772885839720111,-15.644203102471968
377,53.7272479719058,53.7272479719058,20.71855322258924,2.1802029641458702,-19.300895856519226
378,6.519341975562631,6.519341975562631,20.851057462683325,0.4068461298187916,-27.317570817718355
379,17.06530310647736,17.06530310647736,21.825518632172667,0.8308475125384361,-16.651918247840186
380,-7.58865345812435,-7.58865345812435,21.371546690084497,-0.2630051232669647,-17.167541574314455
381,-29.021964649905218,-29.021964649905218,20.13246134729846,-1.6011364284614498,-34.379967357156076
382,16.294222127061552,16.294222127061552,21.133815053457308,0.8196731033157801,-12.155242603105593
383,-28.32343547682189,-28.32343547682189,21.285364757854296,-1.4572098476660296,-35.989584883819134
384,-3.807422599009047,-3.807422599009047,21.381997013538623,-0.07500084214456866,-17.200144270190563
385,-5.508332001499694,-5.508332001499694,21.757774806157688,-0.15169647556481558,-30.99168158971703
386,-11.835213531188405,-11.835213531188405,20.42361230241215,-0.5145819670322752,-21.924797414117585
387,-0.9749917692691179,-0.9749917692691179,20.150416983789047,0.05167634605286566,-18.272670471433635
388,61.56491459140523,61.56491459140523,18.911176745317377,2.633233665251732,-8.614688830182903
389,-12.047963177993193,-12.047963177993193,19.165297468009122,-0.5742895844841851,-23.96327205516625
390,36.89353234113686,36.89353234113686,22.423870937007134,1.512795007602253,-17.2940984179098
391,27.630855288933788,27.630855288933788,20.45740056152864,1.2952538089902899,-9.674262190111026
392,-8.61368522066307,-8.61368522066307,20.33264785503117,-0.341562987038313,-20.93056247614189
393,7.29647187544562,7.29647187544562,21.226955399445536,0.4376224829786805,-23.058050402253848
394,28.96027314519729,28.96027314519729,21.615139874504884,1.2845710345395158,-17.48443454692431
395,-18.90174160031709,-18.90174160031709,19.87039203184816,-0.9548598275735982,-22.278035527988102
396,24.329808109332408,24.329808109332408,22.167509433931173,1.0930427946972832,-15.97258734477785
397,15.48885552664605,15.48885552664605,20.67039147456405,0.799707564160952,-20.71720796604898
398,22.993031603524106,22.993031603524106,21.10884496534189,1.0858322327465368,-22.191408624067144
399,22.681935253809126,22.681935253809126,21.28125015716826,1.0669438562307474,-17.212355047002738
400,-18.16501106974979,-18.16501106974979,21.089031451578556,-0.8454679998560056,-22.798966175355208
401,-2.196240700515628,-2.196240700515628,20.79272662618825,-0.0031494733158309546,-15.399192174117502
402,-9.389306353030424,-9.389306353030424,19.760446845507463,-0.4004699363157332,-13.030201330616528
403,32.7138797149553,32.7138797149553,20.939233338119113,1.4565173482530753,-11.897188831541715
404,-33.452924060582525,-33.452924060582525,20.519111727075416,-1.8808710111695448,-35.96593523323345
405,2.5229207926411368,2.5229207926411368,21.806831276749016,0.2230801665358981,-21.11056747369188
406,16.49867261695539,16.49867261695539,21.066960231320383,0.8300511060284897,-14.329912932531908
407,-42.82897966518071,-42.82897966518071,21.02848204167904,-2.550762078339543,-45.56976961872179
408,35.843205644338425,35.843205644338425,20.761011949049855,1.5796918592036246,-12.143590134412019
409,-4.342530455662041,-4.342530455662041,19.756019286260337,-0.12624340209113447,-23.31061335827814
410,6.923033495255204,6.923033495255204,20.225433301553938,0.4316787397856407,-19.919636471179757
411,-5.901013706559999,-5.901013706559999,19.792401001439295,-0.20858504431627758,-33.36783275562451
412,-32.12365442120855,-32.12365442120855,21.941624543094555,-1.655281679743138,-43.2382532793414
413,4.223977321787609,4.223977321787609,21.224240743617116,0.30059229569304086,-25.93452811634353
414,34.76623405035495,34.76623405035495,20.173511574724095,1.5802109214260716,-13.589368410367975
415,-24.89781103142157,-24.89781103142157,21.139890524812678,-1.2479273397368504,-26.075752668320106
416,27.815156476253545,27.815156476253545,21.40555684088953,1.2534355844063223,-12.627199588195314
417,-4.088017263980792,-4.088017263980792,19.08111165176378,-0.12362781458979177,-16.50510954010217
418,24.374940289660984,24.374940289660984,20.606994102840755,1.1615023734019192,-13.578681654496972
419,22.096789149701436,22.096789149701436,20.974474235792083,1.05672312716204,-12.945161608008773
420,-13.93203261346222,-13.93203261346222,22.066182581587018,-0.5694202183707407,-27.327206591192592
421,-8.902072808873918,-8.902072808873918,21.49651115585212,-0.32650998746415444,-24.117822187374436
422,51.7935404736148,51.7935404736148,21.729039032749906,2.030562763101665,-12.389475740887008
423,-29.43809687534368,-29.43809687534368,21.9768778710127,-1.476001380064146,-37.96045072927664
424,-22.82140624201282,-22.82140624201282,19.70208825641592,-1.2161023706902077,-34.0712780764186
425,6.966846635001733,6.966846635001733,20.72032540030676,0.4281064834668621,-17.704043956616914
426,1.6506981210859584,1.6506981210859584,20.375572759554895,0.18177468695753757,-27.362464499682083
427,17.846982329947902,17.846982329947902,21.91553769949084,0.8586030592785948,-21.09275906865869
428,-21.4329013551267,-21.4329013551267,20.57538788839437,-1.0691497423024134,-28.743105559537423
429,-18.919682193746013,-18.919682193746013,21.96387827494863,-0.8449951226102483,-35.818490093922
430,-2.6101954813138373,-2.6101954813138373,20.95315791016362,-0.02204301645641697,-25.26904441614302
431,-8.261954168807783,-8.261954168807783,21.04878980073864,-0.30489498072479526,-16.2123773878753
432,36.3619476341911,36.3619476341911,21.487001990512415,1.5510458532171183,-11.091755850858613
433,-15.481405141386627,-15.481405141386627,22.51471777216886,-0.6344257182704824,-29.446451759873877
434,2.276141063344883,2.276141063344883,20.628700989188435,0.21193211152593824,-25.413860183774645
435,45.37222449229794,45.37222449229794,19.857236801883175,1.984199075565184,-11.758786649085668
436,-17.248806448739884,-17.248806448739884,21.55441427993667,-0.7706724381713821,-31.256646429451983
437,-12.109127946482435,-12.109127946482435,20.50366693954046,-0.5271325785467668,-24.606125099630106
438,21.54200955728358,21.54200955728358,21.40870736347511,1.0179518466751791,-16.001963053917894
439,57.7469218789203,57.7469218789203,21.390790746822695,2.2394040180503416,-21.057327604758274
440,-8.01126456440736,-8.01126456440736,20.870072919804098,-0.2960437285363238,-20.56413567714361
441,-12.153160756675463,-12.153160756675463,21.160888030975762,-0.5065984982265989,-21.919157923971184
442,47.737177000155874,47.737177000155874,21.253160884400767,1.9433749456276772,-15.581632684752803
443,-11.216540317842938,-11.216540317842938,20.936852894602236,-0.4636860303962049,-21.350018460028256
444,-24.726126608619214,-24.726126608619214,20.52726017778385,-1.2802572586894523,-33.56616972789565
445,22.616848994109006,22.616848994109006,21.298642201814992,1.0637624266735757,-19.366426233850316
446,4.1524413890558165,4.1524413890558165,21.52582770757152,0.2960719891461092,-15.070743841113988
447,4.543531932462241,4.543531932462241,22.64113648729217,0.3090711029246659,-15.273822753459267
448,-14.457644853602169,-14.457644853602169,21.957543129194026,-0.6014658292348654,-18.109347238013463
449,-30.276126503040956,-30.276126503040956,20.586763554291824,-1.6479052672239158,-32.95440866530814
450,7.016898738752886,7.016898738752886,20.139233941779207,0.4372037191723394,-20.810960914864875
451,5.123161444550606,5.123161444550606,20.428494444857968,0.3462309347312533,-16.590241281936127
452,-13.841496565926859,-13.841496565926859,19.174718919534204,-0.6811523759092587,-23.1604423764467
453,-5.474954746236216,-5.474954746236216,22.088763254433612,-0.1450415207287093,-24.416288544801716
454,29.297750853639528,29.297750853639528,20.55568595800943,1.3528503583330977,-19.66457259296826
455,18.847872411283518,18.847872411283518,19.871743595784157,0.9682406558806044,-12.479070582831518
456,-29.87294491158532,-29.87294491158532,21.221295698510957,-1.565511632797055,-32.0308723358901
457,-3.1350788953440234,-3.1350788953440234,20.526241870413976,-0.05266528552387148,-13.618338563128935
458,25.47625842135577,25.47625842135577,21.124687175769363,1.180052166898829,-21.175413196752878
459,-14.746298424443827,-14.746298424443827,21.581968372539766,-0.6311753778514073,-27.411090046802776
460,-20.64082317099598,-20.64082317099598,21.141560327639162,-0.9878419149106934,-22.53685689894005
461,9.476275120026557,9.476275120026557,21.677194692583228,0.5254721864612932,-10.831259362483314
462,25.094203085177735,25.094203085177735,22.132186651016884,1.1224269936272055,-14.679530765119456
463,21.27470716020572,21.27470716020572,21.378808006264443,1.0089511244147735,-13.761326406630412
464,30.503828506152743,30.503828506152743,22.061062709047107,1.3171512844241133,-7.422286747539035
465,38.15467094782894,38.15467094782894,20.012534019912252,1.7154917696550591,-16.711866470856474
466,4.67370889187626,4.67370889187626,19.96240314117596,0.3283662148854557,-14.90387156737042
467,28.48615532526859,28.48615532526859,22.086060057445277,1.245253959474558,-13.396431611678713
468,21.131680155184362,21.131680155184362,21.266006333190834,1.0079187094868285,-23.913794742519173
469,31.692419857628828,31.692419857628828,20.653521074295984,1.4363722209320793,-13.437801434876082
470,-33.80906762921519,-33.80906762921519,21.90277060030637,-1.7730851991680072,-37.14392479837927
471,-9.30597158982761,-9.30597158982761,20.96764044476373,-0.3614136675947567,-27.435818481867173
472,-22.692596873145774,-22.692596873145774,20.147737071849107,-1.1762822232795958,-29.565519435415748
473,-8.609766234725836,-8.609766234725836,20.398692800637438,-0.33942302049525935,-20.54538032670889
474,-3.9835952305198763,-3.9835952305198763,21.98105633355232,-0.07560260565975302,-22.97626326543624
475,4.771735028483404,4.771735028483404,21.73899455750348,0.32245851047767865,-22.956536975311867
476,-9.210761641078202,-9.210761641078202,19.44997685633417,-0.39969574782648,-23.574460893156388
477,-12.801132743537103,-12.801132743537103,20.61280271615105,-0.5617610799450171,-19.665754275852336
478,-13.845406445852005,-13.845406445852005,21.23897947142504,-0.5955782235813156,-29.38565600260953
479,-5.603559820385051,-5.603559820385051,21.589924719545923,-0.15962786796519202,-16.25171474706275
480,12.79070314322357,12.79070314322357,23.339534390432014,0.6321329184922652,-18.20503884197877
481,-11.69893860495409,-11.69893860495409,20.91359416097662,-0.4906016895842266,-26.542139596397146
482,-8.301454588808665,-8.301454588808665,19.75714626305302,-0.34026015230857815,-16.854599225425275
483,-1.47216724335556,-1.47216724335556,22.642558658219052,0.047483807861301186,-32.51077282474738
484,-14.645888491576564,-14.645888491576564,22.75394905249282,-0.5823986483343911,-16.424656896958282
485,-6.775315940197402,-6.775315940197402,21.88818855009046,-0.2114291998922523,-24.205480665170633
486,17.14066996233168,17.14066996233168,20.868517794057347,0.8620713968170809,-26.850207972101764
487,-23.216111632566893,-23.216111632566893,21.50846254018962,-1.1205397233208287,-32.02595800576154
488,-1.3395878397311933,-1.3395878397311933,21.594755966072583,0.0451432813858329,-20.34884788322634
489,-2.7158799667849176,-2.7158799667849176,20.77495484448057,-0.02908310462449237,-23.310149039265788
490,1.1457834046746607,1.1457834046746607,21.340775111538953,0.15934989117119472,-22.310438184742658
491,6.449371075582189,6.449371075582189,20.19244356211079,0.41012000427769735,-13.77076570024322
492,-3.9513105563949713,-3.9513105563949713,21.560893841717007,-0.07938526670660005,-18.002121306140165
493,-21.796184247493855,-21.796184247493855,20.946094188143753,-1.068799138412917,-22.995172749907756
494,-13.033125370405575,-13.033125370405575,21.47193672346857,-0.5430503832883813,-27.30394707083797
495,21.50401802499575,21.50401802499575,20.840509422597016,1.0387810456815672,-11.023569702539088
496,-15.326057105763734,-15.326057105763734,20.058975870182543,-0.7291239422870838,-34.944260103899055
497,-1.6282012253419853,-1.6282012253419853,21.575016726314285,0.031401493868808014,-21.782033779894494
498,48.705311990828015,48.705311990828015,20.674286998919484,2.0234280964964544,-12.91089871694947
499,-38.66293706507079,-38.66293706507079,21.813526064324265,-2.129629155141863,-45.93237722870017
500,-16.139516471431236,-16.139516471431236,22.81126764345942,-0.6575601332751642,-34.35680433744626
501,11.085257593287846,11.085257593287846,21.175778017552823,0.602058926463847,-16.355145659618657
502,9.525757973962957,9.525757973962957,21.200671056425396,0.534873191928601,-19.29151852674383
503,-12.271302999541323,-12.271302999541323,20.28769080791822,-0.5440775915569183,-29.46083524383037
504,4.057819468049351,4.057819468049351,23.821160917300617,0.28563908893712425,-23.07048019348827
505,-23.601177644935177,-23.601177644935177,20.774402027675336,-1.1913901255901476,-29.48998127823327
506,-36.175253640813054,-36.175253640813054,21.47738049359356,-1.9814104004456041,-41.41233405659003
507,-21.632943150111693,-21.632943150111693,21.29871699885319,-1.0375998284411514,-27.370946415444802
508,10.755058504954418,10.755058504954418,19.583010818434087,0.6190410119402806,-12.388055001490969
509,-9.502801935156358,-9.502801935156358,20.000329708798,-0.3994883454337493,-30.322704913154258
510,-11.08000092598196,-11.08000092598196,22.03135992178246,-0.42271421713325247,-26.32405973197735
511,-25.66419951772089,-25.66419951772089,21.571721700984934,-1.266319959471699,-31.990719642093623
512,-5.987427837167347,-5.987427837167347,20.067278139005136,-0.20759600867922479,-26.59562640479797
513,13.584488580881438,13.584488580881438,20.668085271067287,0.7193973726972125,-12.219762583641177
514,11.681340639777794,11.681340639777794,20.778468439312594,0.635364443982484,-27.827123271272676
515,17.21500099350699,17.21500099350699,20.105806375622702,0.8901491748937301,-17.55419594175607
516,11.25072236321012,11.25072236321012,21.452375709706608,0.6038385013795617,-17.8059574555014
517,11.854635968574257,11.854635968574257,22.534480499234505,0.6096039192570584,-16.61088812617065
518,-15.31321881020833,-15.31321881020833,21.479718313475633,-0.6662453075379232,-26.592194123999256
519,60.87666528096485,60.87666528096485,20.430176267502972,2.4310249910333024,-9.632125989207815
520,20.146401358316712,20.146401358316712,22.302687089205968,0.9343605449856969,-15.021692226208168
521,38.80562212763314,38.80562212763314,22.029852807105506,1.5992397728037564,-14.659687213350342
522,15.10194048601532,15.10194048601532,21.767602812829818,0.7546724697965701,-11.566530572467679
523,38.547841113114025,38.547841113114025,21.039330269158306,1.6550725020431347,-17.214722157822646
524,22.03092061896261,22.03092061896261,20.983704471420662,1.053508601973653,-15.010815001647693
525,40.536245314736874,40.536245314736874,22.09852611901313,1.6509286390056859,-9.625827371806068
526,0.46528665585163775,0.46528665585163775,21.145846817184868,0.1272099472877034,-20.034020553883327
527,48.29976603574069,48.29976603574069,20.84539207152907,1.9953844529732832,-13.271966764616966
528,2.2275726866309187,2.2275726866309187,19.90491434340715,0.20984926506439439,-19.003931086489235
529,35.21327133754586,35.21327133754586,21.600466691323007,1.5049303636035332,-18.297628167493585
530,-6.724716899158256,-6.724716899158256,19.73141320688545,-0.2545012019791102,-12.994697826743854
531,-3.538928261770524,-3.538928261770524,21.673596946190727,-0.058174526807058854,-19.858280728379203
532,15.818258725848677,15.818258725848677,22.586609174143994,0.7627166299426299,-22.598266266229974
533,-5.921715401660621,-5.921715401660621,19.56878692037776,-0.21458472211188995,-18.90345907766557
534,26.94532725269827,26.94532725269827,22.382797741186145,1.1778866762944455,-17.38767494430491
535,0.7983960941130963,0.7983960941130963,20.02739116897934,0.13936418447065393,-15.528780388751398
536,30.418741903783754,30.418741903783754,20.601673535931464,1.3921925319349355,-12.326809008936305
537,-14.29647557262016,-14.29647557262016,21.625875338650356,-0.6053215680939578,-20.25418752873405
538,0.20870931116629965,0.20870931116629965,20.434450645278826,0.11205527177408856,-16.649690278333054
539,-31.106059866469117,-31.106059866469117,20.327497258872228,-1.7303037124423293,-38.78156514622998
540,-26.31843318144089,-26.31843318144089,21.434430703105267,-1.3171747275229677,-30.612547810239487
541,-2.036367126137406,-2.036367126137406,23.146289470196642,0.02678517448064868,-21.42260032037527
542,4.291646074213085,4.291646074213085,19.684103548691688,0.3114924159050631,-14.606524128155868
543,-7.3100022993963565,-7.3100022993963565,20.779264314919825,-0.2615347108846578,-19.910608160811083
544,13.371671383296068,13.371671383296068,20.26412783119573,0.7204058701688255,-9.622923008273009
545,36.39977824281717,36.39977824281717,20.72806791628487,1.6016257561622291,-10.015380897681782
546,22.96905581821649,22.96905581821649,21.35189237102616,1.0750890732761855,-14.577033377810308
547,39.6132393491349,39.6132393491349,21.918091210943782,1.632625853942813,-9.013929662470252
548,30.417079246945413,30.417079246945413,21.92955253591576,1.3209729707253273,-7.890098267480802
549,8.256975161057923,8.256975161057923,20.779363021130564,0.48520791196832785,-19.862566092786828
550,-23.160038990200526,-23.160038990200526,21.432755955470707,-1.1215483737794096,-27.03853793097283
551,-22.55432630031772,-22.55432630031772,20.18789199210616,-1.1646333710944052,-29.606283613325967
552,11.972461717931203,11.972461717931203,19.270945710601275,0.6829245924391739,-18.24219137829582
553,-12.09208855814692,-12.09208855814692,21.056191962726984,-0.5071867614187873,-21.168152140966264
554,1.8059633607401038,1.8059633607401038,20.2187838477568,0.18910272792213198,-28.36569975319391
555,75.23749389783929,75.23749389783929,19.586881662896467,2.964536727695729,-10.861521466806595
556,-9.582435153477121,-9.582435153477121,22.41902676961221,-0.33765398548729714,-19.134710078856354
557,26.58671884052346,26.58671884052346,21.732534702199118,1.1935907495519367,-17.12600225835263
558,12.552464862038715,12.552464862038715,22.31302518091529,0.6411131262899031,-24.728332522676844
559,7.86690374925334,7.86690374925334,19.271188625970165,0.4891607862120438,-17.50938375762963
560,11.783416757488418,11.783416757488418,20.31496020690388,0.649780047392309,-15.967465101045441
561,-48.58587854535406,-48.58587854535406,21.011637082656158,-3.0572027031983735,-49.06501050458044
562,16.949476103392193,16.949476103392193,20.55729556796903,0.8644268015935938,-10.865496632202461
563,18.081207681117604,18.081207681117604,19.005528199916828,0.9694863966672994,-14.50761017185794
564,35.888342351070904,35.888342351070904,20.345864172343862,1.6093623113430817,-12.364734032356738
565,-16.203299095811165,-16.203299095811165,20.198579722606986,-0.7743026960919046,-25.100278024097637
566,9.636485845058251,9.636485845058251,22.7267633289388,0.5179543510971437,-26.18318566145552
567,-14.398288554430582,-14.398288554430582,20.539989594217754,-0.6545011607427709,-25.55292714701787
568,-9.04187718889845,-9.04187718889845,21.039592275220784,-0.3455399641343447,-17.000140207070068
569,-29.2928783626068,-29.2928783626068,22.217992085257173,-1.4482933445484611,-43.485823227504866
570,-0.9461233768315758,-0.9461233768315758,20.979451408080095,0.05912076544411502,-21.5313732839926
571,18.629739379479872,18.629739379479872,22.59706276011275,0.8685228004684116,-27.44441545538528
572,-2.5754844745058403,-2.5754844745058403,21.503360889704858,-0.014373401719699029,-15.698212051168051
573,26.435625584972055,26.435625584972055,21.586158866476616,1.194708597280326,-22.24479368900219
574,13.73664917121571,13.73664917121571,20.72818403789558,0.7243983857103818,-14.298155841932477
575,-6.324639380983765,-6.324639380983765,20.075144624151765,-0.2254302991121002,-22.433785958835852
576,-9.782477716585102,-9.782477716585102,20.401995929521334,-0.4029068007002634,-20.60192179111745
577,-13.193284663093696,-13.193284663093696,22.27538918756186,-0.5238928776842277,-27.063809648247833
578,44.835335650152516,44.835335650152516,21.278726133967222,1.8480610607251362,-14.414142851014136
579,25.234587026446476,25.234587026446476,21.135105821713747,1.170089817594389,-18.230018691606332
580,-18.72733297190964,-18.72733297190964,20.33390759123782,-0.9180438721273125,-28.39618947740361
581,26.747451411605837,26.747451411605837,20.237749667244852,1.2725545652026702,-16.96506952890897
582,22.05811785539984,22.05811785539984,19.94646272861648,1.0990991260404717,-11.224089001200497
583,-7.230187301273839,-7.230187301273839,21.29694026042395,-0.24612491676392886,-30.819366298363605
584,-14.905743974959574,-14.905743974959574,21.873517269080253,-0.6287357344176885,-18.072246837125704
585,-11.622331856584278,-11.622331856584278,20.655029281145985,-0.4948489251308365,-18.737985099205297
586,4.788662144341238,4.788662144341238,22.192417837668938,0.32159606251392875,-33.17790000065354
587,-16.963832176465576,-16.963832176465576,20.737551626393437,-0.7928658521392263,-24.23454353967235
588,24.966295519563907,24.966295519563907,19.864877601995946,1.221314427356241,-13.751806362962856
589,96.69392267291852,96.69392267291852,23.173619052300108,3.0383425320611486,-12.006474277811607
590,-25.72804756376499,-25.72804756376499,21.205272811739803,-1.2959860271109203,-35.490892479067526
591,8.21100211154151,8.21100211154151,20.137156661065887,0.49215665042696927,-13.05156823163143
592,17.619189662217494,17.619189662217494,21.126461644230037,0.8735601880133254,-16.1062427758824
593,-2.998441072578917,-2.998441072578917,20.29258156300164,-0.04904844630143134,-18.762995742180888
594,-23.571823255294653,-23.571823255294653,22.038395248820017,-1.1094444072918128,-29.914214427750064
595,27.784561832851363,27.784561832851363,20.42880286416917,1.3026446800438358,-12.273242951023185
596,23.352637090059147,23.352637090059147,19.308076761715085,1.183636476256765,-12.448055566116967
597,8.313381379524687,8.313381379524687,20.527153744679207,0.49153473174440004,-16.794216175213922
598,3.529105601324045,3.529105601324045,22.158026851026154,0.2668181129122063,-19.93225589644389
599,-12.254146001484155,-12.254146001484155,21.393308420991318,-0.5045754279090262,-20.099443943840274
600,6.360075196098824,6.360075196098824,21.369645127999398,0.3951386468016573,-18.003912179231968
601,38.23540073346044,38.23540073346044,20.264028156851047,1.699525630674765,-11.422177244119467
602,43.22062156183091,43.22062156183091,21.96490373151162,1.7457592460233828,-16.168045138212744
603,-10.046635190349761,-10.046635190349761,20.344607652816375,-0.4190650915581804,-26.53536933801215
604,9.885170385846997,9.885170385846997,20.222662686853152,0.5670751524929903,-18.036913206668554
605,5.918861921539209,5.918861921539209,20.74914582470509,0.3804588473375939,-31.763666539946712
606,-17.926955656596377,-17.926955656596377,19.674783877662755,-0.9057479923877371,-24.893693710667886
607,7.587637231224953,7.587637231224953,20.196749340837915,0.4627825678014577,-11.676996201546713
608,4.4178792595649385,4.4178792595649385,21.262972629684302,0.309275563495364,-17.49343192957849
609,-1.7725158212000158,-1.7725158212000158,20.52928996728606,0.015371892044427786,-16.831528119387855
610,9.004142168262241,9.004142168262241,22.330968711960118,0.49702213610152635,-18.954442328797594
611,4.723842216694019,4.723842216694019,19.712709081859593,0.33240630468921784,-20.989815984861345
612,10.974652281499342,10.974652281499342,20.94462034235476,0.6013760810180392,-19.084134932863545
613,-13.292035795140444,-13.292035795140444,21.639066064916104,-0.5511242824263198,-18.240875218482028
614,8.241474962907503,8.241474962907503,20.18904798131472,0.49276971008474,-21.82837950600974
615,-15.443401177747273,-15.443401177747273,19.175850559254776,-0.7789050262569893,-22.096145497026228
616,1.4230299863992046,1.4230299863992046,21.32467509257676,0.1723350481663643,-10.933205319220027
617,24.46830603658674,24.46830603658674,21.89880836032093,1.1089611566185473,-9.709804537019991
618,35.929710255386446,35.929710255386446,20.73575059337712,1.5845387213650155,-13.79638702524781
619,10.683859539868902,10.683859539868902,21.05196236784979,0.5870527548471323,-16.09748495943609
620,-12.488359573458885,-12.488359573458885,20.522089951108608,-0.5476149560075211,-27.46939116025971
621,-13.02524375034151,-13.02524375034151,20.199335247503914,-0.589854489469183,-20.242844289896496
622,-8.792587904586945,-8.792587904586945,22.16331314830201,-0.304783585210703,-18.454831029463804
623,5.863176846793405,5.863176846793405,21.086510771538162,0.37515266036132466,-16.612061735860134
624,12.150758350408509,12.150758350408509,21.920221807861278,0.6322606183328241,-12.93866442034182
625,-10.124925310411859,-10.124925310411859,21.720335926062635,-0.38340670521587694,-29.959549394696356
626,34.756952831015944,34.756952831015944,22.075180198846724,1.4621103586470159,-23.66938738508186
627,35.61431509808835,35.61431509808835,23.172879344453083,1.4306511399437407,-18.804191862817135
628,-24.069928168025335,-24.069928168025335,20.870056721285636,-1.2146381007723985,-24.747679967952987
629,20.928645421717885,20.928645421717885,21.527031568299662,0.9903287039388766,-11.614522897670417
630,-5.202977021587363,-5.202977021587363,21.316792377731485,-0.1442750941534711,-21.69314947071127
631,1.0702903078148696,1.0702903078148696,22.306584565972457,0.15889344197778876,-22.529911330954263
632,-10.14887002496202,-10.14887002496202,21.821677616434975,-0.38158981276980847,-24.015104681304358
633,11.119445607472954,11.119445607472954,19.293971099294833,0.6425917921030483,-11.297355835033526
634,-16.796500312837594,-16.796500312837594,22.506046197406885,-0.7045283517731574,-31.736229486504563
635,20.543837780015405,20.543837780015405,19.33093245729153,1.063353867768747,-11.33956278154474
636,-3.8896980442794438,-3.8896980442794438,22.61452269972323,-0.06276388816953855,-16.28345443198662
637,-23.612515919409326,-23.612515919409326,19.348382112987878,-1.2949039786461454,-25.85716390009287
638,39.84012556796974,39.84012556796974,22.600314878553984,1.597282657198967,-13.565346476300935
639,28.548791723474686,28.548791723474686,21.264228935482357,1.287507933858725,-19.297939719804635
640,38.67003796716082,38.67003796716082,20.284385283472968,1.713642141550297,-11.48477205915875
641,13.408012142370795,13.408012142370795,20.280147061124797,0.7214871837230572,-14.453607794417792
642,10.869612574657461,10.869612574657461,20.96825478487951,0.5966369493896464,-18.26377001573194
643,-16.342855707775385,-16.342855707775385,21.68327270912343,-0.7146435194166235,-25.93279625793751
644,-22.309781967227416,-22.309781967227416,19.359031568187483,-1.206784055478725,-32.156812002363765
645,-8.656438821888502,-8.656438821888502,21.130527595604832,-0.32319869580635585,-22.48182634256346
646,30.303292038896966,30.303292038896966,21.780172860836867,1.3244116675514939,-15.55345953276363
647,-3.19281075393979,-3.19281075393979,20.246458405464892,-0.059368229080895396,-21.2641137314297
648,77.15623069760176,77.15623069760176,20.575762077330896,2.884700487119613,-9.675545382683804
649,16.850293602579924,16.850293602579924,20.055877581620543,0.8763684100397154,-16.887769219068556
650,-5.7084497412039585,-5.7084497412039585,20.81204177894125,-0.17893795100014379,-15.707219774379293
651,-18.539695386885814,-18.539695386885814,22.74484574611102,-0.7876965687515604,-33.666328061212766
652,6.071663232440128,6.071663232440128,21.473920479652957,0.38157518821868325,-16.04822205866148
653,-13.701006129177006,-13.701006129177006,21.004359475827414,-0.596637280001848,-23.952506850662864
654,30.5350828173625,30.5350828173625,19.970997782011068,1.4342970349026944,-11.822148818723308
655,15.889377374368063,15.889377374368063,20.644600362902686,0.8173011322456016,-19.558333726699495
656,-8.80384055376464,-8.80384055376464,21.57375722107357,-0.31952404562493725,-21.840139254274582
657,0.8688249631472189,0.8688249631472189,20.108651137719804,0.14324417913509924,-20.375357676315904
658,-24.69305970467659,-24.69305970467659,20.282058795442065,-1.2963703723562199,-28.327264977690547
659,4.316842155769529,4.316842155769529,20.025623448999564,0.3108391622339435,-14.074052001885832
660,50.62639876966506,50.62639876966506,20.96464051692598,2.0598148626435457,-9.182499330903676
661,-25.967049951664844,-25.967049951664844,20.107226672618168,-1.3940048374199145,-32.204309399287
662,-8.844505816041416,-8.844505816041416,19.029618874776695,-0.39184208323853076,-19.75390235757284
663,0.7156344092963618,0.7156344092963618,20.39076901225783,0.1364984554694182,-14.752683702776261
664,36.43141862323922,36.43141862323922,21.277501835490416,1.566538325247418,-14.155409295561682
665,-7.489025944183847,-7.489025944183847,21.68471894239129,-0.2506864709084245,-18.71949940778848
666,-5.2175653482906315,-5.2175653482906315,19.83092806432184,-0.17120581199437848,-27.013014331635688
667,7.345235183223697,7.345235183223697,20.814368327566005,0.4441845799815489,-16.97448498877109
668,-19.7899433011233,-19.7899433011233,20.44076678038851,-0.9766215030860602,-36.69145905087804
669,56.025776228588,56.025776228588,19.774820510260398,2.349752530077198,-7.248325433766182
670,-2.9874489237664004,-2.9874489237664004,21.486058301140687,-0.034325484492451167,-19.56108273068976
671,16.09931514404128,16.09931514404128,22.801570475019183,0.76798553345428,-17.233696369983384
672,25.184992057681566,25.184992057681566,21.24746608321312,1.1634802124879362,-13.789849152030806
673,5.066181833380035,5.066181833380035,21.4859685231939,0.337201348221864,-12.84958986172417
674,-14.037250443457905,-14.037250443457905,22.994602820969067,-0.5432439470143562,-31.063636658353733
675,-0.4568908662864746,-0.4568908662864746,22.004149216782327,0.08867780038712379,-24.423525387390473
676,5.446812217067665,5.446812217067665,20.640380221902927,0.35974000141674,-16.29909008765502
677,-27.338899855799138,-27.338899855799138,21.579045341447717,-1.3711381090620791,-30.889494727384236
678,-14.588127223432645,-14.588127223432645,19.92432407497546,-0.691834517290822,-20.91071740626738
679,-11.347390689333626,-11.347390689333626,20.58651421338982,-0.4822979984788091,-31.684644536811213
680,-30.023153043110963,-30.023153043110963,19.58516697277904,-1.7237526103320255,-32.84449193383997
681,5.713038024146422,5.713038024146422,21.00401063084601,0.3692402324162247,-16.5622372183178
682,-24.608654310233835,-24.608654310233835,21.402017285872706,-1.2124314571072798,-36.162256756004915
683,15.913574088089955,15.913574088089955,21.800324171595527,0.7861691052557893,-21.387028732452784
684,8.783707951202269,8.783707951202269,20.96318415883446,0.5060428053894551,-14.030759568996112
685,-8.166553134920406,-8.166553134920406,22.395132795604482,-0.2686840601726902,-30.687246360010057
686,-10.823446560902383,-10.823446560902383,21.030932358322175,-0.4399480600173477,-32.40807696594011
687,21.3631757880242,21.3631757880242,19.569257567354043,1.086967230880467,-16.39063695207166
688,75.85389798295638,75.85389798295638,20.293774662151844,2.8855626209486576,-10.933696662150172
689,10.723714149499731,10.723714149499731,21.022168520423733,0.5894951666284032,-18.351619047980915
690,2.7430785761282106,2.7430785761282106,19.88200731798811,0.2352114383147173,-12.784924950028554
691,-9.940990636674718,-9.940990636674718,21.06217765375359,-0.3920599560223145,-19.883165786730945
692,21.41138199105308,21.41138199105308,19.956772175829734,1.071876086118771,-11.04146989525903
693,9.344314484518934,9.344314484518934,20.61733804392516,0.5358681718850622,-14.07647482521332
694,-1.4623054601006102,-1.4623054601006102,20.69895480122788,0.03200508478660199,-13.63640007445347
695,36.643545828399084,36.643545828399084,20.15628846961096,1.6502230016266786,-16.8008137456613
696,92.49405441212146,92.49405441212146,21.41250918846137,3.168822782807996,-10.732527440247068
697,-3.4603805197391257,-3.4603805197391257,21.45919275825896,-0.05717136128978363,-30.27667241144922
698,-27.443153529079357,-27.443153529079357,22.508583352606596,-1.3120191192887996,-38.575756219765445
699,13.434207084889715,13.434207084889715,20.696339276774804,0.7120429875192188,-27.3167552943179
700,3.9424065818961074,3.9424065818961074,21.95769634664657,0.2853773484336986,-24.6673480695899
701,22.499986819234486,22.499986819234486,20.561620269124763,1.089946859307058,-12.883222928555455
702,18.37519873307101,18.37519873307101,21.808123220760454,0.8823809128539838,-12.995405491796832
703,22.639662362057035,22.639662362057035,20.797639834353664,1.0851175726447897,-12.827605058369397
704,-5.1880743980479815,-5.1880743980479815,21.648187802567602,-0.13848083738026148,-21.066113795696634
705,-15.043536528386436,-15.043536528386436,22.618676306620166,-0.607825771019242,-25.000052627516332
706,-11.20591803252985,-11.20591803252985,20.664265535090244,-0.4721888818131868,-21.745789338773733
707,68.23118445692302,68.23118445692302,22.103960357190704,2.4656302058415713,-12.294675954999189
708,-15.13085059459267,-15.13085059459267,21.789895849190795,-0.6442311651924016,-27.71573452469681
709,30.833282102052117,30.833282102052117,21.603983374519135,1.3522274814364315,-26.05481626914733
710,25.179495517391448,25.179495517391448,19.052787559709667,1.2739990608022715,-11.659011938989131
711,-28.21702709691002,-28.21702709691002,21.247622780117588,-1.4532697940972148,-40.477207392405354
712,52.144560771649864,52.144560771649864,20.46296006963644,2.154009084645356,-9.625669090362948
713,-30.419636892888093,-30.419636892888093,20.468145318660895,-1.668691524152739,-35.781369693327
714,-15.504608793952245,-15.504608793952245,21.330232121263837,-0.6832357703080751,-20.445448788319425
715,-4.209531573896596,-4.209531573896596,20.985865185362158,-0.10040175685558543,-19.418432988489744
716,6.861994315334896,6.861994315334896,22.122377870537267,0.410578135611935,-18.729083829026337
717,-6.78653392006201,-6.78653392006201,21.36213276837895,-0.2225067120460565,-20.450847781945008
718,30.846153210358707,30.846153210358707,20.48626610621124,1.4152733973521974,-9.543315697904914
719,45.54817530479149,45.54817530479149,21.79298724992055,1.8320075668644855,-20.062426449840952
720,-12.149792255364966,-12.149792255364966,21.062940922946122,-0.5097212122132261,-27.551426474328018
721,20.992079934721673,20.992079934721673,20.511754169928757,1.0314864104931802,-19.01840958454345
722,6.234141211052502,6.234141211052502,19.188107662687187,0.4106691835004712,-19.496844576527526
723,17.977810575931063,17.977810575931063,20.338981529946278,0.9142682209893392,-8.513587172637047
724,-9.68308961166182,-9.68308961166182,20.15163600955733,-0.4048881748656177,-19.194573579542205
725,8.595516385660229,8.595516385660229,20.10061802795714,0.5104056742183598,-17.610592941391022
726,2.024053467228115,2.024053467228115,21.667028326039844,0.20014973991463747,-16.369609857483773
727,-29.08554798098374,-29.08554798098374,20.58998508149057,-1.5653937219574072,-31.572447678879872
728,0.4947572884676399,0.4947572884676399,20.518438877337104,0.12585680416143877,-23.5422521445775
729,18.480018662499976,18.480018662499976,21.89510238135028,0.8840764318658614,-16.930222815739633
730,-10.155842173950958,-10.155842173950958,20.271994429741795,-0.4271440826103708,-15.932545379307465
731,-0.6302153512643738,-0.6302153512643738,21.45229385234432,0.07736126468660603,-28.538620992370696
732,14.048852443082826,14.048852443082826,20.266903042725254,0.7495365542340476,-16.370651619504844
733,-5.882577046674475,-5.882577046674475,18.48992512661052,-0.23577073763268905,-15.416930171970103
734,4.272292837337566,4.272292837337566,20.461747480911548,0.3062821898670121,-15.333161828399222
735,-4.442893873713127,-4.442893873713127,21.058318102164154,-0.11063286825344144,-23.67465860685616
736,-4.810207271212219,-4.810207271212219,20.8390198420159,-0.13262018437128228,-25.690937648249456
737,16.673159307615638,16.673159307615638,19.609702287840484,0.8842975871912035,-12.945889449138404
738,-10.169254455980925,-10.169254455980925,21.816701229793324,-0.3827494401708855,-23.310069276297387
739,15.206579027205546,15.206579027205546,22.107665037878785,0.7506994613187639,-18.287597090290962
740,-19.265450873864552,-19.265450873864552,21.456381131718004,-0.8901255723863929,-27.409244438532593
741,-12.78508722447327,-12.78508722447327,21.88128595381029,-0.5160560791175439,-17.44500834456643
742,-0.6276113714410503,-0.6276113714410503,21.448726389426188,0.07742997098219387,-17.666832281477614
743,-10.090184829193994,-10.090184829193994,20.379645649775252,-0.41991343717636487,-17.87028031540168
744,52.958562618312264,52.958562618312264,21.142726548553238,2.1167354745805884,-14.811549217669953
745,30.91509021515062,30.91509021515062,20.46637855947675,1.4186232278736786,-17.01571992625832
746,0.3904774131779476,0.3904774131779476,20.916609095439853,0.12278769637398357,-19.591331251622986
747,-29.828514552126272,-29.828514552126272,21.121943329053096,-1.5705978747940523,-31.35215748146834
748,-11.118219012907538,-11.118219012907538,21.210647623971717,-0.44979806283592544,-18.12718139369908
749,7.769674105267388,7.769674105267388,20.664765819575155,0.46499138654940403,-20.350546423097878
750,-4.15727951809809,-4.15727951809809,22.138950555446748,-0.08148376999018946,-18.730088598243157
751,-9.461446602779544,-9.461446602779544,21.72335898368381,-0.3493011547620407,-22.146467813967973
752,18.473009631235882,18.473009631235882,21.672372087228243,0.8902658486481893,-21.504932664034424
753,0.3751808172559157,0.3751808172559157,21.70479658470953,0.12531176914597164,-31.99173827885295
754,22.242045492663,22.242045492663,21.892066243147475,1.0268978270506897,-14.70421390394737
755,14.891531517310996,14.891531517310996,20.588698143159338,0.7767492077865101,-14.824347198800513
756,30.784496581731744,30.784496581731744,21.805022640383996,1.339955739600239,-11.526778753975263
757,8.182073873840178,8.182073873840178,21.75070906960245,0.4699436332624556,-17.8626923248262
758,28.851389192734512,28.851389192734512,20.995919114541557,1.3125364981839105,-17.498090614259045
759,-18.025465163318987,-18.025465163318987,20.495951730103293,-0.8673195172562596,-28.12005871531874
760,28.630025556636852,28.630025556636852,20.871984731147915,1.310729630708846,-12.128189834583432
761,65.84158785057316,65.84158785057316,20.762687427574793,2.5418930142557485,-11.881164864269639
762,-8.23881193230067,-8.23881193230067,21.458506533128073,-0.2937915865132073,-19.997546380157118
763,30.47140995689539,30.47140995689539,21.950796234020775,1.3215187153503727,-18.907512144614778
764,11.561797309654098,11.561797309654098,20.963954234992922,0.6263215150867916,-18.855686348054064
765,-5.457156354039716,-5.457156354039716,20.82073684914728,-0.16567655450050564,-17.25992917673001
766,33.14749813580489,33.14749813580489,21.484451129680988,1.4400861980953181,-10.631729432055687
767,-1.3935857184221634,-1.3935857184221634,20.808424596086354,0.03626504488931687,-19.993604320058907
768,23.837804115680793,23.837804115680793,21.37148306889877,1.1070759197013151,-13.71949100434632
769,27.764577547553102,27.764577547553102,22.187389790693164,1.215392067071769,-12.968431938575451
770,13.661368872209811,13.661368872209811,20.410780866896108,0.7290378884539619,-18.88853717337068
771,43.20308325939983,43.20308325939983,22.10628510660381,1.7355959661038873,-14.331992651098325
772,-37.493535096073884,-37.493535096073884,21.04408164060805,-2.125818145690215,-38.74035948042713
773,41.191528243276586,41.191528243276586,22.273921147117655,1.660546533810801,-15.123258706529455
774,-19.64736418910392,-19.64736418910392,20.892166149502785,-0.9421709948694598,-28.486747236634052
775,-19.41385136939553,-19.41385136939553,20.707756625442144,-0.938539657804707,-31.04876585291821
776,-11.41768939589931,-11.41768939589931,21.428268110101335,-0.4590303185528989,-23.57675106634337
777,-17.13522936423173,-17.13522936423173,20.364343806271215,-0.8210810392848724,-25.189767751503283
778,7.904860553756166,7.904860553756166,21.35246116410246,0.4624968505966743,-15.51045061450265
779,9.291941015761696,9.291941015761696,21.81596215370061,0.5161738857729601,-13.81473502010418
780,-27.26477856942121,-27.26477856942121,19.966572146594487,-1.493802767196456,-28.925337466941176
781,13.230217236097452,13.230217236097452,21.1270306335281,0.6934027041798585,-23.067791546780704
782,50.132149792960924,50.132149792960924,21.691284752491853,1.9827781329367382,-9.09159844355711
783,-5.304242704071083,-5.304242704071083,22.436139085021818,-0.13095310269519825,-17.485287510006355
784,16.4754750250697,16.4754750250697,21.04164805851734,0.8296930469153949,-12.87635078518396
785,4.574433385548149,4.574433385548149,20.331189416782493,0.3212546878099911,-10.518730102594246
786,-3.0137572991219996,-3.0137572991219996,20.505819848715806,-0.04724181728468924,-18.145146080624546
787,31.97353673011678,31.97353673011678,20.51590216235634,1.4551572058168363,-12.003468366634317
788,-3.6655973239077544,-3.6655973239077544,21.31928472027883,-0.06883452478707165,-24.905353449682146
789,13.76928087531848,13.76928087531848,21.74974027389666,0.7015541566203308,-14.819393898188988
790,-28.557187265513228,-28.557187265513228,21.141012548450995,-1.4838507146302056,-38.270847177200544
791,15.19797264202718,15.19797264202718,22.07829747322877,0.7508982314866942,-22.817530788777493
792,15.823340637363437,15.823340637363437,20.8036605353351,0.8099843159008955,-12.006635443606442
793,-19.410455233100386,-19.410455233100386,21.288687127261394,-0.907106280182802,-28.089771063322228
794,24.235462796948216,24.235462796948216,21.53440491358008,1.1152253237001135,-12.201727079298195
795,62.61704675818991,62.61704675818991,21.05979255035474,2.415491262121979,-11.18684064592256
796,-18.170941999391165,-18.170941999391165,20.633451060976608,-0.86883866536476,-24.40904392300386
797,27.303135929644217,27.303135929644217,21.615776964247267,1.2249105894295116,-11.39981393791798
798,-3.6037678483166524,-3.6037678483166524,20.341077572606274,-0.07921689786733559,-15.822292076186114
799,-23.30060742131551,-23.30060742131551,19.783329406197566,-1.241491843083966,-29.543536743054265
800,8.196543654929034,8.196543654929034,20.017418967375576,0.49305845350188293,-11.023149666109141
801,28.38935182659266,28.38935182659266,20.866786925104588,1.3020204736859162,-11.980686859043256
802,2.653972946753713,2.653972946753713,20.857953949344633,0.22959552289969581,-28.56816335042602
803,-36.71132838289783,-36.71132838289783,20.888588529614605,-2.0836054714880468,-40.58661470313293
804,-1.2219759554284337,-1.2219759554284337,21.799879901889856,0.0521342444147333,-17.855953114249896
805,35.81940521405431,35.81940521405431,22.111144161856902,1.4950659128227894,-15.035159029205197
806,5.953040867060988,5.953040867060988,21.118868002296864,0.3791034694098359,-26.677669227989924
807,23.579591250494623,23.579591250494623,20.844744626152114,1.119609187532197,-12.081945556286643
808,-13.03613012521373,-13.03613012521373,21.919854559011927,-0.5275787714256152,-26.894660701834216
809,15.587881518957381,15.587881518957381,21.62307941891295,0.777760151158104,-12.321957039185856
810,99.83120669275165,99.83120669275165,20.635810047164817,3.4618053642735873,-8.750197695815972
811,1.6107368897903873,1.6107368897903873,21.40904366315447,0.18145945984651635,-21.11618259098401
812,-8.32652195452004,-8.32652195452004,20.74496574480357,-0.3156333796544443,-26.77793558859762
813,2.288263624851883,2.288263624851883,21.533881737739318,0.21238308564019592,-20.082585913245037
814,22.19297298930014,22.19297298930014,19.808695675504975,1.1108913710298418,-13.248125918311086
815,13.949596745794857,13.949596745794857,20.324142808769704,0.7437805437212635,-18.03024881968139
816,-26.763809473865365,-26.763809473865365,19.40782064290341,-1.507092714742348,-28.9379717879712
817,5.95313930292507,5.95313930292507,21.179691239003624,0.3786203869982072,-16.33711798159279
818,-23.23258882790241,-23.23258882790241,20.529013833149758,-1.1848723592774282,-36.987145120286286
819,28.671195630301384,28.671195630301384,21.471813906918957,1.2813363060274148,-9.948791271099026
820,-9.774506738249622,-9.774506738249622,22.505673662230357,-0.3448443493841617,-22.175848609889943
821,4.981570870133134,4.981570870133134,20.210964465092673,0.341099413940035,-19.639732091526128
822,-6.214088415137809,-6.214088415137809,20.467515776276397,-0.21139699176405236,-18.61635823184016
823,-26.89108203073587,-26.89108203073587,22.067081195838416,-1.3086972212799433,-32.14552108718117
824,17.32169069079741,17.32169069079741,21.669995810858346,0.8449876384800483,-13.454262922575069
825,32.229724584924654,32.229724584924654,22.64185742905882,1.34720734069504,-12.420571401451946
826,-8.05023129284761,-8.05023129284761,20.548724173348145,-0.30566380020013556,-28.51436327364732
827,37.49463424631543,37.49463424631543,20.16847655738867,1.6801165151927036,-7.01852976086508
828,11.812314570110072,11.812314570110072,20.763518242623906,0.6410016571209364,-15.332566081043513
829,-15.868252903394398,-15.868252903394398,20.951115762719713,-0.7202122253458507,-28.770108367898295
830,50.36083950629235,50.36083950629235,21.9657088342103,1.9675568260367313,-11.391720786631916
831,2.6827660181260704,2.6827660181260704,21.955232200017615,0.2297774743982322,-20.974286485049536
832,5.316585410494712,5.316585410494712,21.340592573163097,0.34909600835362786,-17.266869673965925
833,6.9467042654647315,6.9467042654647315,20.802266395282203,0.42645627613210996,-18.586181493797735
834,5.549792906341833,5.549792906341833,20.744331884525817,0.36354096656606016,-19.31066601039967
835,33.776934162083364,33.776934162083364,21.04828166441377,1.488174079219159,-10.152154955691287
836,29.98196009939631,29.98196009939631,21.776258949755793,1.3133347103922135,-22.052314052645055
837,-32.468956581198796,-32.468956581198796,22.07526488396148,-1.6668034747854303,-44.26492643853056
838,11.870788654150367,11.870788654150367,19.836746052617364,0.664565923234295,-9.883986005737036
839,17.173543224992493,17.173543224992493,20.395072290116968,0.8788534358305328,-13.75594672057705
840,50.45516013589775,50.45516013589775,22.43729425219107,1.9338153166217495,-16.231533767546182
841,-17.403331749328387,-17.403331749328387,21.437364492316437,-0.7847692035266248,-28.833246023878413
842,-22.99524846785317,-22.99524846785317,20.048378628531022,-1.2028884786481369,-35.34092233088949
843,-7.956317990476725,-7.956317990476725,20.017811850102632,-0.3139740081778329,-17.940173777345056
844,26.919506703094243,26.919506703094243,20.805522879478833,1.250004134909507,-22.068375333303848
845,17.01059452730176,17.01059452730176,20.850411885732914,0.8574521247098552,-22.08492084856024
846,-5.544256455614405,-5.544256455614405,22.50530344021962,-0.1413004405844821,-22.141053053571923
847,27.873531668553085,27.873531668553085,21.163177507197233,1.26771423504831,-16.712623343443248
848,19.605648994468417,19.605648994468417,21.37492891563591,0.9443423320421535,-16.713240787036195
849,10.136920941903504,10.136920941903504,19.83615806588666,0.5855657448183731,-11.570363716984748
850,28.17833138581909,28.17833138581909,20.823315370342556,1.2963636936676708,-12.76880459491758
851,35.644114517570436,35.644114517570436,22.087971420533453,1.4910661203433806,-19.072590550259893
852,30.252650598546072,30.252650598546072,20.184177287045706,1.4104416064900385,-10.627468141669755
853,10.410695398993553,10.410695398993553,20.48709602194875,0.5855739056854964,-13.916712872528148
854,14.388883990715517,14.388883990715517,20.965372466068423,0.7458981246937229,-17.429707604793997
855,43.42672222382782,43.42672222382782,19.948962565489364,1.9084670333890421,-9.44027517358742
856,-5.646126970358212,-5.646126970358212,22.48045008339985,-0.14631748774056078,-22.179805412314135
857,31.74988325107606,31.74988325107606,19.18372981909509,1.5336748713015003,-14.449058679075973
858,-10.173173426919224,-10.173173426919224,20.759685743251712,-0.4131103168969591,-20.58521647718856
859,36.48690301918267,36.48690301918267,20.63849036334728,1.6107867546997647,-10.113747051962534
860,18.32273969591254,18.32273969591254,21.30626203559432,0.895903613191559,-17.61048109694166
861,26.60219662790024,26.60219662790024,19.68580316096877,1.2969457669887767,-9.919794307228003
862,12.38835283385249,12.38835283385249,20.81501839701019,0.6648276198516423,-14.164931506399062
863,17.08366495853568,17.08366495853568,22.25265717795365,0.819612027935599,-23.809239275987732
864,-25.044174746073956,-25.044174746073956,21.996614485583983,-1.1998270003917864,-37.69640413299538
865,-23.443780498925037,-23.443780498925037,20.823777205813844,-1.1782281951985036,-28.280429593937594
866,3.609230605422642,3.609230605422642,20.69084580046343,0.2745178195680728,-25.53351514685621
867,29.100955727069213,29.100955727069213,21.454655716068167,1.2978937067081457,-11.628661321541246
868,82.98772173272437,82.98772173272437,21.57299238394168,2.911772487327602,-11.952257018407122
869,-3.4834099651175343,-3.4834099651175343,19.866775917985898,-0.07951187713671372,-14.153754368137458
870,21.754384364752166,21.754384364752166,21.043459397037477,1.0405973459151208,-9.519690430927946
871,-1.503700653467832,-1.503700653467832,21.100875281784443,0.033473448806474154,-23.330373205303964
872,-24.841743242247027,-24.841743242247027,19.320680057397347,-1.3807939489270251,-36.83315657187488
873,23.735210371285852,23.735210371285852,20.99938025771932,1.1189948990563614,-16.136336508736193
874,-7.487571775176605,-7.487571775176605,20.14617431500656,-0.28576151040742936,-14.870937933041034
875,-8.580078034285766,-8.580078034285766,20.85994147963841,-0.32611004990612413,-22.960117823757667
876,40.86001228907141,40.86001228907141,19.51969686285337,1.853550513785107,-10.524047358710451
877,-5.290273920619026,-5.290273920619026,20.18002110895571,-0.168749812440434,-19.9509080807365
878,6.276906909783375,6.276906909783375,19.97554964274943,0.404164564094509,-20.65067468862605
879,2.5500490065199832,2.5500490065199832,20.842618308186214,0.22451950264034418,-20.197208831362165
880,-29.865542464240114,-29.865542464240114,19.28822834744549,-1.741619961845274,-30.94153986975684
881,-15.970019577247418,-15.970019577247418,21.1795380646261,-0.7158712831201499,-19.502347011338877
882,-19.55587640271077,-19.55587640271077,21.802753643202617,-0.8889383699392707,-33.19194304735681
883,26.22587250403521,26.22587250403521,21.47998540516151,1.1916496048705265,-11.329258568382418
884,9.043346885161974,9.043346885161974,20.4105127342035,0.5260320870151639,-13.570078187409218
885,-15.848491802137065,-15.848491802137065,20.9485868688521,-0.7187961435900116,-22.262680185681077
886,44.43152776682682,44.43152776682682,19.99432884669685,1.9396441281775658,-14.619495149834835
887,11.158503960370481,11.158503960370481,22.651499966047727,0.5801043695880828,-17.31051965973146
888,56.993457208356176,56.993457208356176,20.26402777635194,2.328549096734485,-11.40739700756405
889,-10.648673662619167,-10.648673662619167,19.3695498233228,-0.4846328623188095,-21.20425270824265
890,55.29807178970017,55.29807178970017,20.872281861877678,2.2145904712364444,-19.074337908139004
891,16.728547840525042,16.728547840525042,20.807328105641833,0.8473491298743082,-15.308031310986623
892,-18.025620076087236,-18.025620076087236,20.85541889694171,-0.8487957729786076,-22.824756586344513
893,-4.086500037838114,-4.086500037838114,19.116778070782644,-0.12320691688954305,-28.21267288496928
894,-3.3627993316373783,-3.3627993316373783,20.38231805741392,-0.06628223335431982,-24.709215995395613
895,0.06410954863418361,0.06410954863418361,19.751524482229343,0.10175782881206961,-18.474204542417272
896,4.140012356762712,4.140012356762712,21.30011232311391,0.2965140166893769,-19.29878792364165
897,9.888304394512936,9.888304394512936,19.974429925931,0.571597173196187,-13.472427535840712
898,-12.58903865942388,-12.58903865942388,22.150218697429484,-0.49702770541416164,-23.499746974834963
899,22.831251319956202,22.831251319956202,20.209902007376137,1.118394563941918,-16.298147965151554
900,1.3535857955502273,1.3535857955502273,20.476908674153822,0.16762663256011695,-20.981742041850726
901,-6.789585781559548,-6.789585781559548,21.045552819844517,-0.22914889268328842,-29.06287957448921
902,6.823904679488768,6.823904679488768,20.066404492417373,0.428827916410021,-18.379725286915583
903,-21.757705889330538,-21.757705889330538,21.943741039105948,-1.0082458556455063,-26.851894385647107
904,11.992754328791921,11.992754328791921,20.71627760265117,0.6501141953708058,-23.08057777180217
905,10.354266583606165,10.354266583606165,20.947104631372845,0.5748180625728773,-20.628463708801647
906,24.62256026810621,24.62256026810621,23.265584003610478,1.062098164515778,-19.800776687715313
907,5.265458487905361,5.265458487905361,21.318820519793093,0.3468872556555955,-20.035577143940227
908,-12.739880282158268,-12.739880282158268,22.09817922371327,-0.506283634790795,-15.579997781725632
909,6.57573767335311,6.57573767335311,19.818996460187343,0.42004128409888214,-18.356774139850636
910,27.278202987019394,27.278202987019394,21.98590832961452,1.2071560624713487,-19.077465995368964
911,-6.8759181105593425,-6.8759181105593425,21.66528526084457,-0.2210187723016557,-33.02184767358507
912,-13.982596355960741,-13.982596355960741,21.2154768950449,-0.6041154833642838,-29.528130895369546
913,7.493516837656089,7.493516837656089,23.550780368839312,0.4240457165222913,-15.83989509093211
914,4.433144401950617,4.433144401950617,21.189568760053817,0.31034302146908727,-21.309904316348643
915,51.07203575072412,51.07203575072412,22.1063789441442,1.9779116250613904,-12.112679828724914
916,-8.020986222015225,-8.020986222015225,21.434790301537593,-0.283033447263554,-18.63388677594397
917,-8.997682772123683,-8.997682772123683,21.101191909831854,-0.3414802779547069,-19.18482682826405
918,-21.93290565908641,-21.93290565908641,19.583306045918796,-1.1660621546810042,-27.583233570712856
919,14.356031456024109,14.356031456024109,21.264129137555752,0.7369159937383288,-16.538965899441738
920,-4.56196125860695,-4.56196125860695,20.043655764477673,-0.13298683387842453,-18.187599071418777
921,23.692084920741774,23.692084920741774,21.003259127147096,1.1173060643956012,-11.266262001768332
922,-2.7228563870401623,-2.7228563870401623,21.009711244991042,-0.02699887233379183,-14.849825362068096
923,-13.402867121012019,-13.402867121012019,20.57399732824084,-0.5967246674007465,-20.60691993358522
924,-8.952436997323431,-8.952436997323431,21.83053381004271,-0.32108495111681695,-21.513102124031153
925,-23.27445941173172,-23.27445941173172,21.483551475850923,-1.125194552744443,-28.489087694646148
926,-7.3007433837880225,-7.3007433837880225,21.51923274889907,-0.24508732776147182,-26.06665357584687
927,26.14746532898451,26.14746532898451,22.47891268525134,1.1454399181046453,-18.784284445301978
928,-9.406191858628898,-9.406191858628898,22.19305983596725,-0.33457779918579916,-24.762279942796415
929,59.04914794507743,59.04914794507743,21.764284587594158,2.242316893931963,-13.81768466565777
930,30.578729822460215,30.578729822460215,20.695691840706417,1.3928916644705553,-11.014170817658787
931,-0.8569301675070751,-0.8569301675070751,21.377169212185066,0.06620956408909939,-16.775692640699344
932,23.67780987497692,23.67780987497692,20.822744587517324,1.124767737300967,-23.119180873383506
933,7.751417370735103,7.751417370735103,18.842735327557637,0.4901923374879552,-14.265382639047342
934,-19.11302702905835,-19.11302702905835,19.90505167854617,-0.9659892869318518,-30.907599786787266
935,-5.9220311985244685,-5.9220311985244685,20.68919082295076,-0.19189627646995255,-24.510665669641966
936,-2.197093221564339,-2.197093221564339,22.44189388327422,0.012850810915673026,-18.753315223875017
937,-8.391850972688564,-8.391850972688564,20.27205078236584,-0.33143948817354474,-27.762876884903488
938,2.456164769704805,2.456164769704805,20.38347778866513,0.2206073461688972,-9.932535260955996
939,2.0975580242183822,2.0975580242183822,21.256954963958894,0.20353502954470165,-13.36691949286525
940,-27.345788504523416,-27.345788504523416,20.49610556097488,-1.4555726738838681,-28.3837500617286
941,-24.822846208762815,-24.822846208762815,19.48024427663557,-1.3666999849483434,-30.292627188201088
942,18.651282390906744,18.651282390906744,21.830036457544963,0.8922113738319221,-9.581609408707807
943,61.468064354779315,61.468064354779315,21.503076668199228,2.3371836794236907,-7.3299456718613545
944,-15.988846634429832,-15.988846634429832,19.849717351560145,-0.7784517724471864,-26.18739428780186
945,-33.07649633979353,-33.07649633979353,21.62358388009393,-1.7480072089904053,-33.89118539594377
946,-20.478167073982313,-20.478167073982313,21.31949657296392,-0.9678331496131243,-32.043280954443
947,-2.2816988957005346,-2.2816988957005346,21.2233698381268,-0.0032773529129134565,-18.23674599818105
948,27.862518876093745,27.862518876093745,23.00023896152627,1.1837406502874583,-12.964583490370732
949,-2.088876801549455,-2.088876801549455,20.74002315592775,0.0016514610372342954,-20.02880452420326
950,-0.9987977763811884,-0.9987977763811884,21.1598076088341,0.05785665318718495,-22.89896940594187
951,31.748324303136165,31.748324303136165,23.67264884858993,1.2832863703849522,-14.769613158484374
952,-2.0728897178128314,-2.0728897178128314,20.6927050849339,0.001998397140221945,-30.33782509403252
953,-10.320953034946555,-10.320953034946555,22.03560688589552,-0.3846691992413566,-30.59450585866792
954,32.80411037145776,32.80411037145776,22.51367423021949,1.3729563563502327,-19.493047061658633
955,18.137039233410835,18.137039233410835,20.822072616634564,0.9044003598632049,-9.348902068886055
956,24.495386530960197,24.495386530960197,21.444560685737475,1.1285948924930285,-19.403794353405157
957,18.697622849459727,18.697622849459727,19.379651795098113,0.9811266288830406,-12.813389895226349
958,-3.3639892341613797,-3.3639892341613797,21.022320308665464,-0.05781018105933145,-21.42512094952808
959,-3.552105812422568,-3.552105812422568,22.357476888645877,-0.05057037876247179,-26.502784644744604
960,45.136985688853514,45.136985688853514,20.233092544511518,1.9431892360803351,-16.48018676729598
961,16.594262754033128,16.594262754033128,18.059424777254147,0.9404326696007633,-15.163845906772647
962,8.961623953002928,8.961623953002928,21.53833315189851,0.5056766003956951,-23.71776347261464
963,48.2551038297824,48.2551038297824,19.017369944653016,2.166789846859186,-11.449712454449546
964,13.588118469134457,13.588118469134457,22.233643605839486,0.6838672265452964,-21.812744252302572
965,53.20622025495918,53.20622025495918,20.647714350183104,2.1706167006436385,-6.363589761198006
966,-23.37065109028098,-23.37065109028098,21.946573822208105,-1.1028246674283608,-25.301628187380352
967,12.287474662749265,12.287474662749265,21.644357242533253,0.6432049031631082,-21.99702680394995
968,23.527848193987566,23.527848193987566,21.749637908434437,1.080123994575078,-12.026757172479154
969,57.71040226846098,57.71040226846098,20.43312909533656,2.333150965881841,-13.486770074410117
970,25.743500246074035,25.743500246074035,21.201965794193708,1.1863549643565998,-12.141976500542855
971,0.0436670493880742,0.0436670493880742,19.076738264358625,0.09727754911114354,-15.485868680526401
972,-12.63527119879443,-12.63527119879443,21.013535683843806,-0.53818586087183,-19.40233458634309
973,-3.612015956232284,-3.612015956232284,20.132230819495742,-0.08261313229745622,-27.8213554245138
974,5.453643534927011,5.453643534927011,21.499352489284483,0.35399631887080585,-22.38159140749105
975,7.160923136520214,7.160923136520214,22.168266195273382,0.4225791902724825,-15.26904295127246
976,31.39092058278552,31.39092058278552,19.405759484635052,1.5040586952474222,-12.734442313970618
977,38.16274141809606,38.16274141809606,19.965378665000724,1.7195677308965496,-9.270601836272494
978,16.241896250122224,16.241896250122224,19.633734501924867,0.8646031963131389,-12.905991448500775
979,-3.3554104182468403,-3.3554104182468403,20.51752092783459,-0.06436586928449045,-16.322157124343544
980,29.719636924977188,29.719636924977188,20.890096907563557,1.3501660189107616,-20.638006935409027
981,47.90276636323356,47.90276636323356,20.631179840774433,2.001018969367614,-10.847825925396934
982,4.247582990972409,4.247582990972409,21.539397218248222,0.30058256165455777,-16.580495759642005
983,5.276703498535951,5.276703498535951,21.046035019209018,0.3494357111256449,-14.999613954131332
984,-12.894093636789117,-12.894093636789117,20.818520992819042,-0.5593945132333265,-25.426188281353674
985,29.436980341540632,29.436980341540632,20.326690112393987,1.3710701814705708,-13.510134433239656
986,-0.9754510436199682,-0.9754510436199682,21.14246091015567,0.05876482553395725,-16.539168678411972
987,39.82007466685962,39.82007466685962,21.225943952709475,1.6854848510628628,-10.31560377327357
988,39.30026423866988,39.30026423866988,20.997712187444268,1.683886322288922,-12.119771361360502
989,36.1553497155598,36.1553497155598,22.240754512844383,1.4990323622814128,-10.835641391443868
990,29.287974073719305,29.287974073719305,20.83513340886155,1.3371192419740965,-8.769936266599395
991,16.28496372168755,16.28496372168755,20.443175336154894,0.8400766431237682,-13.328353907521146
992,6.522424395610171,6.522424395610171,21.00241589553239,0.4053572674254329,-10.41647005761579
993,3.4302200925725,3.4302200925725,19.899363370074163,0.2684808346053741,-18.954822023882716
994,9.034397959123265,9.034397959123265,20.05545450850329,0.5309909111323861,-18.733391241447492
995,50.19341604634955,50.19341604634955,21.938281808898342,1.964472628272793,-11.368996593971595
996,5.795388638854138,5.795388638854138,20.674880618635623,0.37547493952633254,-17.16907272003148
997,0.6671683402786677,0.6671683402786677,21.055205105899162,0.13623296298750048,-22.190945680557807
998,28.718069794001266,28.718069794001266,20.313519027598996,1.3446004686085316,-16.41916895572126
999,-0.8064297139120602,-0.8064297139120602,21.13410484583242,0.06680892498614524,-19.886473370643408
1000,-26.15411719663825,-26.15411719663825,22.164527587511436,-1.2566546375359189,-28.70512830157052
